text_id,lemma_stop_list
text0,"['võistlusülesanne', 'lahendamine', 'vajalik', 'erialane', 'teadmine', 'oskus', ':', 'elektroonikakomponent', 'formeerimine', 'paigaldamine', 'trükkplaat', ',', 'elektroonikakomponent', 'trükkplaat', 'maha', 'jootmine', ',', 'elektroonikakomponent', 'trükkplaat', 'jootmine', ',', 'jooteseade', 'kasutamine', ',', 'jootematerjal', 'kasutamine', ',', 'elektroonikakomponent', 'ohutus', '.']"
text1,"['võistlusülesanne', 'elektroonik', 'etteantud', 'komponent', 'monteerima', 'pindmontaaž', 'läbiviiktehnoloogia', 'kasutav', 'elektroonikaseade', 'trükkplaat', '.']"
text2,"['hea', 'positiivne', 'alus', ',', 'kõrgem', 'probleemilahendus', 'tehnoloogia', 'kasutus', 'oskus', 'arendama', '.']"
text3,"['“', 'töövõte', 'ohutustehnika', 'võistleja', 'selge', 'maksimumpunkt', ',', '”', 'tunnustama', 'Kolk', '.']"
text4,"['enamasti', 'eraisik', 'väike', 'suurus', 'ettevõtja', ',', 'tihti', 'puuduma', 'oskus', ',', 'võimekus', 'eelarve', 'dokument', 'pikaajaline', 'turvalisus', 'tagamine', '.']"
text5,"['“', 'täpsus', 'osavus', 'nõudev', 'käsijootmine', 'ülesanne', 'jälgima', 'IPC', 'meisterkoolitaja', 'sertifikaat', 'kohtunik', 'Tallinn', 'polütehnikum', ',', 'rahvusvaheline', 'IPC', 'standard', 'tuginema', 'hindama', 'valminud', 'trükkplaat', 'töövõime', 'koostamine', 'kvaliteet', ',', '”', 'selgitama', 'Kolk', 'võistlustöö', 'hindamine', 'parameeter', 'lisama', ',', 'võidutöö', 'tulemus', 'ideaalilähedane', '.']"
text6,"['ühiselt', 'vaatama', ',', 'eesmärk', 'puu', 'looma', 'tulemus', 'hindama', 'tagama', 'edusamm', 'seotud', 'kommunikatsioon', '.']"
text7,"['Likta', 'kutsuma', 'inimene', 'kolm', 'balti', 'riik', 'osalema', 'projekt', '“', 'Virtual', 'Internships', 'in', 'the', 'Baltics', '”', 'raames', 'tasu', 'digioskus', 'kursus', ',', 'pakk', '30000', 'inimene', 'võimalus', 'tasu', 'teadmine', 'parandama', 'seeläbi', 'tulevik', 'karjäärivõimalus', 'edendama', '.']"
text8,"['15%', 'eestimaalane', 'nentima', 'värske', 'uuring', ',', 'töö', 'kandideerima', 'oodatud', 'digitaalne', 'põhioskus', '-', 'küsitud', 'teadmine', 'andmeanalüüs', ',', 'oodatud', 'programmeerimisoskus', 'keerukam', 'digioskus', '.']"
text9,"['„', 'digitaalne', 'kirjaoskus', 'igapäevaelu', 'osa', '.']"
text10,"['lähiaasta', 'tööandja', 'üleüldine', 'digipööre', 'tulemus', 'digioskus', 'tähelepanu', 'pöörama', '.']"
text11,"['teretulnud', ',', 'täiskasvanu', 'tasu', 'kursus', 'praktiline', 'teoreetiline', 'IT-teadmine', 'arendama', ',', 'kasvatama', 'konkurentsivõime', '.']"
text12,"['nõudlus', 'digiteenus', '-', 'oskus', 'kiiresti', 'kasvama', 'kõikjal', 'Euroopa', 'Liit', ',', 'Balti', 'riik', ',', 'palk', 'tööjõuvajadus', 'kasvama', 'kiiremini', 'IT-sektor', '.']"
text13,"['ellest', 'aru', 'töötaja', ':', 'professionaalne', 'oskus', 'edendama', ',', '31,8%', 'Läti', ',', '28,4%', 'Leedu', '25%', 'Eesti', 'elanik', 'värske', 'uuring', 'valmis', 'digioskus', 'parandama', '.']"
text14,"['Vahemeri', 'Liit', 'konverents', 'fookus', 'digipööre', 'tulevik', 'digioskus', 'edendamine']"
text15,"['konverents', 'kogunema', '50', 'osaleja', 'Euroopa', 'Vahemeri', 'piirkond', ',', 'valitsusametnik', ',', 'erasektor', 'esindaja', ',', 'ettevõtja', ',', 'teadlane', 'sidusrühm', 'esindaja', ',', 'arutama', 'teema', ',', 'e-valitsemine', ',', 'e-teenus', ',', 'digimajandus', 'digioskus', '.']"
text16,"['president', 'Ilves', 'tudeng', ':', 'inimene', 'digitaalne', 'kirjaoskus', 'möödapääsmatu']"
text17,"['“', 'digimaailm', 'kolima', 'üha', 'nn', 'pärismaailm', ',', 'täpsemalt', 'ütlema', ',', 'pärismaailm', 'muutuma', 'digitaalne', ',', 'iseenesestmõistetav', ',', 'inimene', 'omandama', 'digitaalne', 'kirjaoskus', ',', '”', 'ütlema', 'president', 'Toomas', 'Hendrik', 'Ilves', 'Tallinn', 'tehnikaülikool', 'aula', 'peetud', 'avalik', 'loeng', ',', 'analüüs', 'igapäevaelu', 'paratamatu', 'kiiremini', 'kasvav', 'sõltuvus', 'digimaailm', '.']"
text18,"['Paananen', ':', 'keskealine', 'töötaja', 'andma', 'IKT', 'oskus']"
text19,"['Skype', 'Eesti', 'endine', 'juht', 'sõna', 'keskealine', 'töötaja', 'andma', 'IKT', 'oskus', '.']"
text20,"['“', 'andma', 'täiendama', 'IKT', 'oskus', ',', 'logistik', ',', 'keeletehnoloog', ',', ',', '”', 'ütlema', 'Paananen', ',', 'sõna', 'elukestev', 'õpe', 'võtmesõna', 'Eesti', 'majandus', 'edendamine', 'rahvusvaheline', 'konkurents', 'hoidmine', '.']"
text21,"['kampaania', 'eesmärk', 'tõstma', 'kodanik', 'teadlikkus', 'tööalane', 'e-oskus', 'täiendamine', 'vajadus', '.']"
text22,"['kampaania', 'algatamine', 'põhjus', 'üha', 'kasvav', 'nõudlus', 'IKT', '(', 'info', 'kommunikatsioonitehnoloogia', ')', 'oskus', 'töötaja', ',', 'rahuldamata', 'kõrgele', 'töötus', 'tase', 'Euroopa', '.']"
text23,"['kampaania', 'näol', 'tegemine', 'üleeuroopaline', ',', 'huvirühm', 'liitev', 'partnerlus', ',', 'eesmärk', 'vähendama', 'puudujääk', 'Euroopa', 'elanik', 'IKT-alane', 'oskus', 'aitama', 'rakendama', 'IKT', 'potentsiaal', 'tööhõive', 'kujundamine', '.']"
text24,"['kampaania', 'põhirõhk', 'teadlikkus', 'tõstmine', 'haridus', ',', 'väljaõpe', ',', 'töökoht', 'võimalus', ',', 'kättesaadav', 'e-oskus', 'inimene', '-', 'inimene', ',', 'teadma', ',', 'digitaaltehnoloogia', 'tõhusalt', 'kasutama', '.']"
text25,"['E-oskus', 'vajalik', 'väike', 'keskmine', 'suurus', 'ettevõte', 'töötaja', ',', 'noor', 'inimene', 'tööturg', 'sisenema', 'sooviv', 'töötu', '.', 'e-oskus', 'ülioluline', 'ettevõte', ',', 'vajama', 'kõrgetasemeline', 'tööjõud', '.', 'Euroopa', 'võitlema', 'pikaajaline', 'majanduslangus', ',', 'e-oskus', 'majandus', 'jaluleaitamine', 'olulisem', 'varem', '.', 'hea', 'e-oskus', 'inimene', 'mängima', 'keskne', 'roll', 'uuenduslik', 'konkurentsivõimeline', 'Euroopa', 'kujundamine', '.']"
text26,"['ühiselt', 'IKT', 'oskus', 'arendamine', 'Eesti', '?']"
text27,"['PIAAC', 'uuring', '„', 'täiskasvanu', 'oskus', 'Eesti', 'maailm', '“', ',', 'avaldama', '8.', 'oktoober', ',', 'tooma', 'selgelt', 'esile', 'vajadus', 'suurendama', 'Eesti', 'infotöötlus', 'mahukas', 'töökoht', 'arv', 'tõstma', 'elanikkond', 'professionaalne', 'IKT', 'oskus', '.']"
text28,"['teadma', ',', 'valdav', 'osa', 'Eesti', 'elanikkond', 'kasutama', 'pidevalt', 'igapäevane', 'e-teenus', '(', 'internetipank', ',', 'tuludeklaratsioon', 'esitamine', ',', 'jne', ')', ',', 'suur', 'osa', 'inimene', 'puuduma', 'kõrgem', 'IKT', 'seonduv', 'probleemilahendusoskus', ',', 'kinnitus', ':', 'e-teenus', 'mugav', 'kasutajasõbalik', '.']"
text29,"['ilmselge', ',', 'nõudmine', 'töötaja', 'oskus', 'kasvama', 'kiiresti', '.', ',', 'viis', 'aasta', 'IT', 'spetsialist', 'mängumaa', ',', 'täna', 'vajalik', 'arvuti', 'töötaja', '.', 'vastav', 'oskus', 'sihipäraselt', 'õpetama', 'noor', 'täiskasvanu', ',', 'edukas', 'riik', 'konkurents', '.']"
text30,"['vajalik', 'sihipärane', 'IKT', 'oskus', 'õpetamine', 'hindamine', 'põhikool', '.']"
text31,"['tööstussektor', 'juht', ',', 'töötaja', 'tasu', 'digioskus', 'koolitus']"
text32,"['majandus', 'kommunikatsiooniministeerium', '(', 'MKM', ')', 'viima', 'Euroopa', 'sotsiaalfond', '2014', '-', '2020', 'toel', 'elu', 'toetusskeem', '„', 'Digitaalne', 'kirjaoskus', 'suurendamine', '“', ',', 'käigus', 'viima', 'tuhat', 'tööstussektor', 'töötaja', 'tasu', 'koolitus', 'digioskus', 'parandamine', '.']"
text33,"['lähtuvalt', 'antud', 'eesmärk', 'tellima', 'MKM', 'digitaalne', 'kirjaoskus', 'baaskoolitus', 'tööstussektor', 'töötaja', 'IKT-oskus', 'vajalikkus', 'põhjendama', 'teadlikkus', 'tõstmine', 'tegevus', 'ettevõte', 'juht', '-', 'projekt', 'nimi', 'DigiABC', 'projekt', 'viima', 'elu', 'periood', '2017', '-', '2020.']"
text34,"['digioskus', 'puudumine', 'takistama', 'areng']"
text35,"['töötaja', 'digitaalne', 'kirjaoskus', 'puudumine', 'takistus', 'tööalane', 'areng', '.']"
text36,"['sektor', ',', 'digitaalne', 'kirjaoskus', 'suurim', 'mõju', 'avaldama', ',', 'töötlev', 'tööstus', '.']"
text37,"['Tasuta', 'koolitusprogramm', 'digioskus', 'arendamine']"
text38,"['Google', 'pakkuma', 'koostöö', 'majandus', 'kommunikatsiooniministeerium', '(', 'MKM', ')', ',', 'ettevõtlus', 'arendamine', 'sihtasutus', '(', ')', 'maakondlik', 'arenduskeskus', 'huviline', 'tasu', 'koolitus', ',', 'suurendama', 'teadmine', 'näide', 'veebileht', '-', 'pood', 'arendamine', ',', 'digimaailm', 'nähtavus', 'tõstmine', ',', 'sotsiaalmeedia', 'turundus', ',', 'digistrateegia', 'koostamine', 'paljus', '.']"
text39,"['lisa', 'annetama', 'Google', 'Eesti', 'ametiühing', 'keskliit', '150000', 'dollar', '125000', 'euro', ',', 'tõstma', 'spetsiifilisemalt', '1000', 'madalapalgaline', 'töötaja', 'digioskus', '.']"
text40,"['Virtuaalne', 'tööandja', 'teabepäev', 'koolitustoetus', 'töötaja', 'IKT', 'alane', 'oskus', 'arendamine']"
text41,"['käesolev', 'aasta', 'töötukassa', 'taotlema', 'koolitustoetus', 'töötaja', 'informatsioon', 'kommunikatsioonitehnoloogia', '(', 'IKT', ')', 'alane', 'oskus', 'arendamine', '.']"
text42,"['Kutsekojal', 'valmis', 'uuring', ',', 'andma', 'ülevaade', ',', 'digioskus', 'erinev', 'majandusvaldkond', 'vajadus', 'kasvama', 'IKT', 'oskus', 'tasuma', 'töötaja', 'õpetama', '.']"
text43,"['oletama', ',', 'peamine', 'põhjus', 'väikeettevõtja', '(', 'eriti', 'mikroettevõtja', ')', 'väiksem', 'haldussuutlik', 'vajalik', 'kompetents', 'puudumine', '(', 'muuhulgas', 'puuduma', 'mikroettevõtja', 'piisav', 'arvutikasutamine', 'oskus', '/', 'piisav', 'vahend', 'ettevõtteväline', 'teenus', 'sisseostmine', ')', '.']"
text44,"['äriandmed', 'analüüs', 'oskus', 'omandama', 'kursus', '“', 'äri', 'andmeanalüüs', '”']"
text45,"['uuring', 'kinnitama', 'noor', 'tipptase', 'oskus', 'funktsionaalne', 'lugemisoskus', 'matemaatiline', 'kirjaoskus', '.']"
text46,"['suur', 'pilt', 'nägemine', 'muutus', 'elluviimine', 'inimene', 'jätkuvalt', 'juhtroll', 'tänavu', 'keskenduma', '.']"
text47,"['rõhutama', 'RIA', 'kaks', 'asi', '.', 'esiteks', 'soovitama', 'ettevõte', 'hindama', ',', 'dokument', 'üldse', 'vaja', 'tembeldama', 'kinnitama', 'dokument', 'tempel', 'sajakaupa', '.']"
text48,"['käsk', 'koostamine', 'andmine', 'oskus', 'tsiviilelu', 'kasulik', ',', 'tegu', 'konkreetne', 'juhis', 'ülesanne', 'lahendamine', 'andmine', 'kaasnema', 'enesekindlus', 'usk', ',', 'ülesanne', 'lahendama', '.']"
text49,"['sealjuures', 'oluline', 'oskama', 'õpikogemus', 'mõtestama', ',', 'väärtuslik', 'rakendama', '.']"
text50,"['lisa', 'erialane', 'professionaalsus', 'tooma', 'kandidaat', 'rida', 'isikuomadus', ',', 'oluline', 'hea', 'tulemus', 'saavutamine', '-', 'süsteemne', 'tegevus', ',', 'eesmärk', 'pühendumine', ',', 'põhjalikkus', ',', 'hea', 'suhtlemisoskus', ',', 'operatiivsus', ',', 'innovatiivsus', ',', 'soov', 'pidevalt', 'erialaselt', 'täiendama', '”', ',', 'lausuma', 'Ehitusinsener', 'Liit', 'tegevdirektor', 'Tiia', 'Ruben', '.']"
text51,"['levinud', 'müüt', ',', 'IT-sektor', 'töötamine', 'vaja', 'hea', 'matemaatikaoskus', '.']"
text52,"['„', 'kõrgharidus', '„', 'pehme', '“', 'matemaatika', 'õppima', ',', 'insener', '.', '“', 'Veskimägi', 'rääkima', 'võõrtööline', 'värbamine', 'kitsaskoht', 'riiklik', 'ettevõte', 'tasand', '.']"
text53,"['personal', 'korraldama', 'küsitlus', ',', 'selguma', ',', 'suurenema', 'arusaamine', 'ettevõte', 'eesmärk', ',', 'stress', 'toime', 'tulemine', 'oskus', 'soov', 'panustama', 'raskem', 'probleem', 'lahendamine', '.']"
text54,"['tegelikult', 'märksa', 'olulisem', 'probleem', 'lahendamine', 'oskus', 'tahe', 'õppima', ',', 'julgus', 'eksperimenteerima', 'eksima', '.']"
text55,"['tugevus', 'koostöö', 'orienteeritus', ',', 'uuendusmeelsus', 'oskus', 'lahendama', 'probleem', 'osapool', 'sobivalt', '.']"
text56,"['töökoht', 'kujundama', 'n-ö', 'õpipesa', 'korraldama', 'virtuaalne', 'õpiring', 'juhendama', 'probleem', 'lahendamine', 'arutelu', '.']"
text57,"['TEPP', 'koostööplatvorm', 'ilmestama', 'hästi', 'Eesti', 'kerksus', 'oskus', 'vastama', 'kriis', 'väljakutse', 'uuenduslik', 'lahendus', '.']"
text58,"['EY', 'aasta', 'ettevõtja', 'konkurss', 'patroon', 'president', 'Alar', 'Karis', 'lausuma', 'videotervitus', ',', 'Eesti', 'ettevõtja', 'vastupidav', 'sihikindel', ',', 'oskama', 'nägema', 'kasutama', 'uus', 'võimalus', ',', 'käsi', 'lööma', '.']"
text59,"['näitama', ',', 'kolmikpööre', 'kriitiline', 'eeldus', 'juhtimine', 'kvaliteet', 'muutus', 'juhtimine', 'oskus', ';']"
text60,"['meeskonnaliige', 'arendama', 'teadmine', 'ärivaldkond', ':', 'turundus', 'müügijuhtimine', 'ost', 'logistika', 'juhtimine', 'tootmine', 'kvaliteedijuhtimine', 'Finantsjuhtimine', 'Personalijuhtimine']"
text61,"['oskus', 'looma', 'selge', 'kaasav', 'strateegia', ',', 'saavutama', 'inimene', 'pühendumus', ',', 'viima', 'elu', 'püstitatud', 'eesmärk', 'juhtima', 'muutus', '.']"
text62,"['hea', 'meel', 'teadma', 'andma', ',', 'pakkuma', 'majandus', 'Kommunikatsiooniministeerum', 'kevad', 'personaalne', 'koolitus', 'organisatsioon', 'turundusvõimekus', 'kommunikatsioonioskus', 'arendamine', '.']"
text63,"['turunduskoolitus', 'eesma', '̈', 'rk', 'andma', 'osaleja', 'praktiline', 'oskus', 'nipp', 'organisatsioon', 'turundustegevus', 'elluviimine', '(', 'turundustegevus', 'vo', '̃', 'tark', 'tellija', ')', '.']"
text64,"['tasuma', 'tooma', 'esile', 'toode', 'eelis', 'faktor', ',', 'eristuma', 'turg', 'olev', 'toode', '.']"
text65,"['suhtlema', 'aktiivselt', ',', 'leidma', 'õige', 'prantsuse', 'esindaja', ',', 'panustama', 'panustama', 'endiselt', 'sotsiaalmeedia', ',', 'toode', 'degustatsioon', ',', 'erinev', 'võimalus', 'toode', 'esile', 'tõstma', '.']"
text66,"['tasuma', 'unustama', ',', 'poekett', 'saamine', 'esimene', 'etapp', ',', 'intensiivselt', 'panustama', ',', 'toode', 'riiul', 'püsima', '.']"
text67,"['Facebook', 'Eesti', 'esindaja', ',', 'kutsuma', 'EVEA', 'Facebook', 'koostöö', ',', 'aitama', 'väikeettevõtja', 'parandama', 'digiturundus', 'e-kauplemine', 'oskus', 'sotsiaalmeedia', '.']"
text68,"['jätma', 'kasutamata', 'võimalus', 'omandama', 'oskus', ',', 'arendama', 'äri', 'veeb', '!']"
text69,"['kommunikatsioonikoolitus', 'mõtlema', ',', 'tööülesanne', 'kuuluma', 'organisatsioon', 'tegevus', ',', 'saavutus', ',', 'eesmärk', 'jne', 'osas', 'info', 'suurem', 'avalikkus', 'edastamine', '.']"
text70,"['külg', 'oluline', 'valdkond', 'tundma', 'teisalt', 'sisu', 'suutma', 'õpilane', 'andma', ',', 'teadmine', 'oskus', 'töökeskkond', 'toime', '.']"
text71,"['Aktiivne', 'innukas', 'uuendaja', 'lööma', 'silm', 'särama', ',', 'võimalik', 'laps', 'uus', 'õpetamine', 'kasutama', 'uudne', 'meetod', 'vahend', '.']"
text72,"['kutseõpe', 'juht', 'suutma', 'kutseõpetaja', 'motiveerima', 'pikaajaliselt', ',', 'korraldama', 'töö', ',', 'andma', 'aeg', 'pidev', 'eneseareng', 'täiendamine', 'proovima', 'minimaliseerima', 'läbipõlemine', '.']"
text73,"['meeskond', 'juhtimine', 'nõudma', 'sootuks', 'teistmoodi', 'oskus', 'produktiivsus', 'kasvatamine', 'tootmisliin', 'timmimine', '.']"
text74,"['varem', 'soovima', ',', 'ütlema', ',', 'kord', ',', 'eelistama', 'juht', ',', 'laskma', 'mõtlema', 'toetama', 'töötaja', '(', 'põhimõte', 'coach', 'vs', '.', 'boss', ')', '.']"
text75,"['tulemuslik', 'meeskonnajuhtimine', 'kaugtöö']"
text76,"['veebiseminar', 'rääkima', 'Indrek', 'maripuu', ',', 'efektiivselt', 'juhtima', 'sõltuma', ',', 'meeskonnaliige', 'töö', '.']"
text77,"['suurem', 'proovikivi', 'järelkasv', 'tagamine', ',', 'inimene', ',', 'jätkama', 'organisatsioon', ',', 'tunduvalt', 'parem', 'hea', ',', 'tagama', 'organisatsioon', 'areng', 'püsimajäämine', '.', 'seotud', 'meeskond', 'hoolitsemine', '.']"
text78,"['kindlasti', 'juhtimiskogemus', '-', 'oskus', ',', 'koolitama', 'suur', 'osa', 'noor', 'juht', '.']"
text79,"['võtmesõna', 'märkamine', 'töötaja', 'suhtlemine', ',', 'igapäevatöö', 'juht', 'regulaarselt', 'aeg', 'võtma', '.']"
text80,"['päev', 'tulemus', 'arendama', ':', 'meeskonnatöö', 'strateegiline', 'mõtlemine', 'juhtimisoskus', 'otsustusoskus']"
text81,"['küsima', 'juht', ',', 'motiveerima', 'töötaja', ',', 'vastama', ',', 'palk', 'panema', '.']"
text82,"['tegelikult', 'töö', 'suur', 'osa', 'seotud', 'läbirääkimine', 'koostöö', 'õpetama', '.']"
text83,"['Marje', 'innustama', 'õpilane', 'viima', 'erinev', 'koostööprojekt', '.']"
text84,"['5', 'kauneim', 'Eesti', 'lasteraamat', 'žürii', 'esinaine', 'Anu', 'Kalm', 'rõõmustama', 'ilus', 'lasteraamat', 'rohkus', 'nentima', ',', 'nutiajastu', 'üha', 'olulisem', 'visuaalne', 'kirjaoskus', ',', 'oskus', 'valima', 'sobiv', 'kirjatüüp', 'tervik', 'panema', '.']"
text85,"['võistlus', 'kestma', 'päev', 'võistlusala', 'hindama', 'tehniline', 'sooritus', ',', 'meeskonnatöö', 'suhtlemine', 'oskus', 'töötama', 'projekt', '.']"
text86,"['Diana', 'ütlema', ',', 'ettevõte', 'koostöö', '.', 'näide', 'klient', 'teenindamine', 'ühisosa', 'leidmine', 'kasulik', '.']"
text87,"['äri', 'inimene', '.', 'naine', 'tugevus', 'sotsiaalne', 'oskus', ',', 'ärimaailm', 'kasu', '.']"
text88,"['andma', 'planeerimisoskus', ',', 'grupidünaamika', 'arusaamine', 'teoreetiline', 'teadmine', '.']"
text89,"['kolmas', 'oskama', 'kollektiiv', 'toime', 'orienteeritud', 'meeskonnatöö', ',', 'täitma', 'ühine', 'eesmärk', '.']"
text90,"['noor', 'oskama', 'paremini', 'arvestama', 'stressirohke', 'olukord', 'toime', ',', 'meeskond', 'jätkama', 'efektiivne', 'tegutsemine', '.']"
text91,"['võte', 'arve', 'logistikasektor', 'ettevõte', 'sidusus', 'äriprotsess', 'läbiviimine', 'tarneahel', ',', 'paralleelne', 'tarneahel', 'olemasolu', ',', 'koostöö', 'võimalik', 'looma', 'märgatav', 'ressurss', 'kokkuhoid', 'tõstma', 'efektiivsus', '.']"
text92,"['varasem', 'projekt', 'käigus', 'saavutama', 'oskus', 'koostöö', 'suutma', 'kaardistama', 'olulisem', 'tulemuslikum', 'sihtriik', '.']"
text93,"['ehitama', 'koostöö', ',', 'võistlema', ',', 'Euroopa', 'teadma', 'tootja', 'Baltikum', 'nimi', ',', '“', 'rääkima', 'Grikis', '.']"
text94,"['“', 'parim', 'meeskond', 'kuulama', 'meeskond', 'liige', 'mõistma', 'tunne', 'vajadus', '.', '”']"
text95,"['kirjeldama', ',', 'virtuaalne', 'juht', 'hea', 'suhtleja', ',', 'algatusvõimeline', ',', 'paindlik', 'demonstreerima', 'õppimis', 'muutumisvõime', '.']"
text96,"['tundma', ',', 'muutuma', 'parem', 'inimene', 'suhtlemine', ',', 'kogus', 'kogemus', 'suvi', 'tunduma', 'hea', 'plaan', '.']"
text97,"['eestlane', 'kontakt', 'leidmine', 'suhtlemine', 'üritus', 'keeruline', 'ülesanne', ',', 'networkink', 'põhitõde', 'õpitav', '.']"
text98,"['oskus', 'teadlik', 'mõjutav', 'emotsioon', ',', 'teadmine', 'kasutama', 'arusaadavalt', 'mõistlikult', 'eneseväljendamine', 'suhe', '.']"
text99,"['soovima', 'pidev', 'tagasiside', 'jutuajamine', ',', 'nõrkus', 'analüüs', '.']"
text100,"['ettevõte', 'võtma', 'alus', 'coaching', 'conversations', 'põhimõte', ',', 'keskenduma', 'eesmärk', 'töötaja', 'võimestamine', '.']"
text101,"['töötaja', 'näiteks', 'märk', 'andma', ',', 'roll', 'lagi', 'käsi', 'vaja', 'karjäärisiht', 'vaatama', '.', 'tundma', 'süvenev', 'rahulolematus', ',', 'puuduma', 'selgus', ',', 'teisiti', '.', 'abi', 'organisatsioon', 'kaasama', 'karjäärinõustaja', 'coach', '.']"
text102,"['International', 'Coaching', 'Federation', 'tooma', 'erinevus', ':', 'team', 'building', 'tegelema', 'põhiliselt', 'suhe', 'arendamine', 'treening', 'uus', 'oskus', 'omandamine', ',', 'team', 'coaching', 'arendama', 'eesmärk', 'saavutamine', 'oskus', 'meeskond', 'jätkusuutlikkus', '.']"
text103,"['mitmekülgne', 'ennastjuhtiv', 'töötaja', 'väärtus', 'organisatsioon', 'areng', 'toetamine', 'oluline', 'osa', 'töötaja', 'karjääriteekond', 'kujundamine', '.']"
text104,"['tisleritöö', 'iseloomustama', 'iseseisev', 'tegutsemine', ',', 'nõudma', 'oskus', 'tegevus', 'kavandama', 'suur', 'enesedistsipliin', '.']"
text105,"['Karin', 'Künnapas', ':', 'julgus', 'asi', 'võtma', 'tasuma', 'alahindama', '.']"
text106,"['tegemine', 'inimene', ',', 'avatud', 'muutus', 'kool', ',', 'valmis', 'uus', 'väljakutse', 'leidma', 'võimalus', 'keerulisem', 'idee', 'elluviimine', '.']"
text107,"['„', 'faktiteadmine', 'üha', 'olulisem', 'õppimine', 'vorm', 'oskus', 'erinev', 'olukord', ',', '“', 'ütlema', 'Laidmets', '.']"
text108,"['72%', 'juht', 'tooma', 'tähtsam', 'tegur', 'töötaja', 'kohanemisvõime', ',', 'valmisolek', 'uus', 'oskus', 'omandama', 'liikuma', 'uus', 'tööalane', 'roll', '.']"
text109,"['sagedane', 'muutus', 'tööelu', 'tähendama', 'valmisolek', 'töö', 'käigus', 'pidevalt', 'uus', 'oskus', 'teadmine', 'omandama', 'arengueesmärk', 'seadma', ',', 'suurendama', 'nn', 'karjäär', 'kohanemisvõime', '.']"
text110,"['leidma', ',', 'suurendama', 'töötaja', 'karjäär', 'kohanemisvõime', 'oskus', 'vastavalt', 'vajadus', 'kasutama', 'erinev', 'arendamine', 'viis', '.', 'näide', 'kogenum', 'kolleeg', 'tagasiside', 'küsima', ',', 'iseseisvalt', 'info', 'otsima', ',', 'võimalus', 'avanema', 'täiendus', 'ümberõpe', 'osalema', '.']"
text111,"['Ameerika', 'müügioskus', 'Euroopa', '.']"
text112,"['jutt', ',', 'eestlane', 'hea', 'müügimees', 'müügioskus', 'jätma', 'pehmelt', 'ütlema', 'soovima']"
text113,"['müügitöö', 'töökus', 'oskus', '.']"
text114,"['müümine', 'oskus', 'maailm', 'vähe', 'ettevõte', ',', 'kogemustepagas', 'valdkond', 'suurem', 'Southwestern', '.']"
text115,"['vaatama', 'seminar', 'esinemishirm', 'tekkemehhanism', 'viis', ',', 'lühike', 'pikk', 'perspektiiv', 'ärevus', 'paremini', 'toime', '.']"
text116,"['vaatama', ',', 'hea', 'avalik', 'esinemine', 'esinemisoskus', 'parandama', '.']"
text117,"['soovima', 'avalik', 'esinemine', 'oskus', 'parandama', 'esinemisärevus', 'seljatama', ',', 'seminar', 'hea', 'sissejuhatus', 'teema', 'ettevõtmine', '.']"
text118,"['töötuba', 'teadma', ',', 'tundma', 'networkink', 'käigus', 'enesekindel', 'leidma', 'sobiv', 'kontakt', '.']"
text119,"['töötuba', 'turvaline', 'keskkond', 'õppima', 'looma', 'tugev', 'väärtuslik', 'võrgustik', 'lisa', 'teadma', ',', 'viga', 'networkimine', 'vältima', '.']"
text120,"['arendama', 'ettevõtlus', '-', 'välisturg', 'minek', 'networkink', 'oskus', 'kasu', '.']"
text121,"['kokkulepe', 'piirkond', 'ettevõte', 'parktikabaas', 'olemine', 'arvukas', 'külalisõpetaja', 'erinev', 'eluala', 'kinnitama', 'õpetaja', 'oskus', 'looma', 'toimiv', 'koostöösuhe', 'õpilane', 'arengueesmärk', 'silm', '.']"
text122,"['suurepärane', 'planeerimisoskus', 'soov', 'arvestamine', 'kõrgelt', 'hindama', 'noor', 'haridusasutus', 'suhtleja', '.']"
text123,"['püstitama', 'meeskond', 'eesmärk', ',', 'toetama', 'saavutamine', 'sõltuma', 'asukoht', '?']"
text124,"['tähelepanu', 'väärima', 'oskus', 'leidma', 'rahvusvaheline', 'ambitsioon', 'idee', 'erinev', 'projekt', 'rahastu', '.']"
text125,"['teiseks', 'mõistlik', 'looma', 'ettevõte', 'sobiv', 'ajatempel', 'kasutamine', 'lahendus', ',', 'tembeldamine', 'ühekordne', 'vajadus', 'tekkima', 'järgnev', 'dokument', 'tulevik', '.']"
text126,"['tulevik', 'muutuma', 'edukas', 'saamine', 'järjest', 'olulisem', 'kaugemale', 'nägemine', ',', 'tulevikusignaal', 'tajumine', 'arvestamine', 'oskus', ',', '”', 'ütlema', 'president', 'Kersti', 'Kaljulaid', '.']"
text127,"['külg', 'kindlasti', 'hanketegevus', '.', 'Eesti', 'ettevõtja', 'tagama', 'suur', 'osa', 'vajalik', 'materjal', ',', 'algama', 'toit', 'söökla', 'kasarm', 'ehitus', '.']"
text128,"['suurem', 'tähtsam', 'osa', 'koostöö', 'seoses', 'reservvägi', ',', 'tahtma', 'ettevõtja', 'erinev', 'olukord', 'inimressurss', '.']"
text129,"[',', 'tekkima', 'reaalne', 'olukord', ',', 'reservvägi', 'kutsuma', 'üleöö', 'teadmata', 'periood', ',', 'normaalne', 'elu', 'äritegevus', 'tugevalt', 'häirima', ',', 'vältimine', 'plaan', 'võimalik', 'risk', 'maandama', '.']"
text130,"['oluline', 'tähelepanu', 'pöörama', 'teeninduskultuur', ',', 'keeleamet', 'laekuma', 'kaebus', 'peamine', 'põhjus', 'keeleoskus', 'puudumine', ',', 'teeninduskultuur', 'puudumine', '.']"
text131,"['töökollektiiv', ',', 'asuma', 'töö', 'Ukraina', 'sõjapõgenik', ',', 'toetama', 'eesti', 'keel', 'õppimine', '.']"
text132,"['aeg', 'mööduma', 'selguma', ',', 'sõjapõgenik', 'töötaja', 'jääma', 'Eesti', 'pikem', 'aeg', ',', 'näide', 'aasta', ',', 'ootama', 'tööandja', 'initsiatiiv', ',', 'tagama', 'töötaja', 'nõutav', 'tase', 'eesti', 'keel', 'oskus', '.']"
text133,"['meeskond', 'Fictionfee', 'näitama', 'sihikindlus', 'idee', 'arendamine', 'elluviimine', ',', 'pühenduma', 'meeskond', 'hästi', 'toime', 'alustav', 'ettevõtja', 'väljakutse', 'kasutama', 'oskuslikult', 'lisa', 'starter', 'programm', 'startup', 'ökosüsteem', 'võimalus', 'idee', 'arendamine', 'teadmine', 'kogemus', 'omandamine', '.']"
text134,"['Marje', 'Vaan', 'Pärnu', 'vanalinn', 'põhikool', 'huvijuht', ',', 'innovaatiline', 'ettevõtlik', 'õpetaja', 'ettevõtlusõpe', 'oskuslikult', 'lõimima', 'erinev', 'õppeaine', '.', 'Marje', 'looma', 'kool', 'süsteem', 'õpilane', 'ettevõtlikkus', 'arendamine', 'ettevõtlusõpe', 'juurutamine', '.', 'koostöö', 'erinev', 'partner', 'väljapool', 'kool', 'nõustama', 'toetama', 'kolleeg', 'ettevõtlusõpe', 'lõimimine', 'ainetund', '.']"
text135,"['Modernworkplacelearning.com', 'küsitlus', 'töötaja', 'eelistatum', 'viis', 'õppima', 'igapäevane', 'töö', 'käigus', ',', 'kolleeg', 'kogemus', 'jagamine', '(', 'peer', 'learning', ')', ',', 'veeb', 'teadmine', ',', 'juht', 'tagasiside', 'juhendamine', '.']"
text136,"['metsandus', 'juht', 'tippspetsialist', ',', 'sh', 'ost', 'müügijuht', 'oluline', 'erialane', 'oskus', 'teadmine', 'laiaulatuslik', 'metsabioloogia', 'mullastikualane', 'teadmine', ',', 'metsaressurss', 'pikaajaline', 'strateegiline', 'planeerimine', 'oskus', 'kontseptuaalne', 'mõtlemisoskus', '.', 'võime', 'käsitlema', 'mets', 'majandamine', 'osa', 'majandus', 'ettevõtlus', 'nägema', 'planeerima', 'kaugele', ',', 'metsandus', 'toimuma', 'protsess', 'inimpõlv', '.']"
text137,"['metsandus', 'juht', 'tippspetsialist', 'jääma', 'puudu', 'oskus', 'nägema', 'metsamajandamine', 'puidutööstus', 'osa', 'majandus', 'ettevõtlus', ',', 'probleemilahendamine', 'oskus', ',', 'idee', 'genereerimine', 'inimene', 'juhtimine', 'oskus', '.']"
text138,"['puudu', 'ruumiline', 'strateegiline', 'planeerimine', 'võimekus', ',', 'kontseptuaalne', 'mõtlemisoskus', 'finantsnäitaja', 'lugemine', 'oskus', '.']"
text139,"['kasvav', 'tähtsus', 'üldine', 'oskus', 'strateegiline', 'planeerimine', 'oskus', ',', 'kontseptuaalne', 'mõtlemisoskus', ',', 'suhtlemisoskus', 'valdkondlik', 'õigusakt', 'tundmine', 'IKT-lahendus', 'rakendamine', '.']"
text140,"['üldine', 'oskus', 'jääma', 'puudu', 'analüütiline', 'mõtlemine', 'võime', ',', 'algteadmine', 'ruumiline', 'planeerimine', 'kontseptuaalne', 'mõtlemisoskus', '.']"
text141,"['puit', 'mööblitööstus', 'juht', 'kasvav', 'tähtsus', 'erialane', 'oskus', 'valdkonnaspetsiifiline', 'ettevõtlus', 'hea', 'tundmine', ',', 'pikaajaline', 'planeerimine', ',', 'tööstus', 'tootmisprotsess', 'tundmine', 'töö', 'korraldamine', 'tootmine', 'algus', 'lõpp', '.']"
text142,"['kasvav', 'tähtsus', 'üldine', 'oskus', 'analüüsivõime', ',', 'läbirääkimine', 'veenmine', 'oskus', ',', 'sihikindlus', ',', 'eesmärk', 'seadmine', ',', 'probleemilahendamine', ',', 'meeskonnatöö', 'koostööoskus', 'oskus', 'tellima', 'rakendama', 'valdkonnaspetsiifiline', 'IKT-lahendus', '.']"
text143,"['puitkonstruktsioon', 'projekteerija', 'kasvav', 'tähtsus', 'erialane', 'oskus', 'teadmine', 'toode', ',', 'sh', 'puitmaja', 'projekteerimine', 'eripära', 'tundmine', ',', 'puitmaterjal', 'eripära', 'materjalitehnoloogia', 'tundmine', ',', 'tööprotsess', 'tundmine', ',', 'joonis', 'koostamine', 'konstrueerimine', ',', 'joonis', 'lugemine', 'oskus', 'käsitsi', 'arvuti', ',', 'CNC', 'töötlemiskeskus', 'programm', 'koostamine', ',', 'toode', 'projekteerimine', ',', 'joonestamine', 'projekteerimistarkvara', 'töötamine', ',', 'sh', 'tark', 'tellija', 'kompetents', '-', 'tarkvara', ',', 'lahendus', 'tingimus', 'sobima', ',', 'kulutus', 'efektiivne', 'info', 'süsteem', 'koguma', 'tasuma', '.']"
text144,"['tootearendaja', 'kasvav', 'tähtsus', 'erialane', 'oskus', 'teadmine', 'puitmaterjal', 'eripära', 'materjalitehnoloogia', 'tundmine', ',', 'tootmistehnoloogia', 'tundmine', ',', 'joonestamine', 'projekteerimine', ',', 'sh', 'CAD-CAM', ',', 'MathCAD', '3D', 'projekteerimine', '.']"
text145,"['kasvav', 'tähtsus', 'üldine', 'oskus', 'hoiak', 'analüüsivõime', ',', 'ruumiline', 'mõtlemine', ',', 'planeerimine', 'oskus', ',', 'finants', 'lugemisosku', 'eelarvestamine', ',', 'ajajuhtimine', ',', 'suhtlemisoskus', 'töötamine', 'inimene', 'kirjutamine', 'raporteerimine', '.']"
text146,"['Tehnoloogi', ',', 'sh', 'mööblitoode', 'tehnoloog', 'kasvav', 'tähtsus', 'erialane', 'oskus', 'teadmine', 'valdkond', 'toode', 'tootearendus', 'tehniline', 'eripära', 'tundmine', ',', 'puitmaterjal', 'eripära', 'materjalitehnoloogia', 'tundmine', ',', 'tööprotsess', 'tundmine', ',', 'joonis', 'koostamine', 'konstrueerimine', ',', 'joonis', 'lugemine', 'oskus', 'käsitsi', 'arvuti', 'joonestamine', 'projekteerimistarkvara', 'töötamine', '.']"
text147,"['tehnik-joonestaja', 'kasvav', 'tähtsus', 'erialane', 'oskus', 'teadmine', 'toode', ',', 'sh', 'puitmaja', 'projekteerimine', 'eripära', 'tundmine', ',', 'puitmaterjal', 'eripära', 'materjalitehnoloogia', 'tundmine', ',', 'tööprotsess', 'tundmine', ',', 'joonis', 'koostamine', 'konstrueerimine', ',', 'joonis', 'lugemine', 'oskus', '(', 'käsitsi', 'arvuti', 'joonistatud', ')', 'joonestamine', 'projekteerimistarkvara', 'töötamine', '.']"
text148,"['pehme', 'mööbel', 'valmistaja', 'puudu', 'tööstus', 'uus', 'pehme', 'mööbel', 'osa', 'koostamine', 'seotud', 'käeline', 'oskus', 'osa', 'mõistmine', 'tootmine', 'tervikprotsess', '.']"
text149,"['oluline', 'teadmine', 'puidukuivatamine', ',', 'aspiratsioon', ',', 'arusaamine', 'detail', 'toode', 'valmistamine', 'viimistlemine', 'tsükkel', 'mõistmine', ',', ',', 'detail', 'toode', 'viimistlus', '.']"
text150,"['vajaka', 'jääma', 'materjal', 'tundmine', 'materjal', 'säästlik', 'kasutamine', ',', 'teadmine', 'puidukuivatamine', 'aspiratsioon', ',', 'arusaamine', 'detail', 'toode', 'valmistamine', 'viimistlemine', 'tsükkel', ',', 'mõistmine', ',', ',', 'detail', 'toode', 'viimistlus', '.']"
text151,"['puitdetail', 'viimistleja', 'kasvav', 'tähtsus', 'erialane', 'oskus', 'teadmine', 'materjal', 'tundmine', 'säästlikult', 'kasutamine', ',', 'puidukuivatamine', ',', 'aspiratsioon', ',', 'arusaamine', 'detail', 'toode', 'valmistamine', 'viimistlemine', 'tsükkel', 'detail', 'toode', 'esitatav', 'kvaliteedinõue', ',', 'mõistmine', ',', ',', 'detail', 'toode', 'viimistlus', '.']"
text152,"['puidupingioperaator', 'jääma', 'puudu', 'teadmine', 'tootmisprotsess', 'juhtimine', ',', 'materjal', 'toode', 'tundmine', ',', ',', 'puit', 'sobima', 'toode', 'efektiivsemalt', '.']"
text153,"['puitplaat', 'tootmine', ',', 'vineer', 'töötlemine', 'saematerjal', 'tootmine', 'seotud', 'liinioperaator', 'jääma', 'puudu', 'teadmine', 'tootmisprotsess', 'juhtimine', ',', 'materjal', 'toode', 'tundmine', ',', ',', 'puit', 'sobima', 'toode', 'efektiivsemalt', '.']"
text154,"['lisa', 'hea', 'metsamajanduslik', 'teadmine', 'oluline', 'teadmine', 'puit', 'omadus', ',', 'toode', 'turustamine', ',', 'logistika', 'põhimõte', 'tundmine', 'ladu', 'tee', 'planeerimine', 'oskus', '.']"
text155,"['müük', 'ostujuht', 'eriti', 'tähtis', 'koht', 'üldine', 'oskus', 'teadmine', '.', 'kasvav', 'tähtsus', 'üldine', 'oskus', 'võõrkeel', 'valdamine', ',', 'risk', 'juhtimine', ',', 'logistika', 'põhimõte', 'tundmine', 'strateegiline', 'ladu', 'planeerimine', 'oskus', ',', 'meeskonnatöö', 'oskus', 'järjest', 'kasvav', 'valdkonnaspetsiifiline', 'IKT-lahendus', 'tellimine', 'rakendamine', 'oskus', '.']"
text156,"['üldine', 'teadmine', ',', 'oskus', 'hoiak', 'jätma', 'soovima', 'kohus', 'vastutustunne', 'erialane', 'IKT-lahendus', 'kasutamine', '-', 'programm', 'kirjutamine', 'oskus', '(', 'programmeerimine', ')', ',', 'teadmine', 'matemaatika', ',', 'läbirääkimine', 'oskus', 'ettevõtlikkus', '.']"
text157,"['üldine', 'oskus', 'hoiak', 'kasvama', 'tähtsus', 'IKT-lahendus', 'kasutamine', 'rutiinitaluvus', '.']"
text158,"['kasvav', 'üldine', 'oskus', 'protsess', ',', 'ressurss', ',', 'risk', 'inimene', 'juhtimine', 'oskus', ',', 'läbirääkimine', 'oskus', ',', 'sihikindlus', 'eesmärk', 'seadmine', ',', 'meeskonnatöö', 'oskus', ',', 'keel', 'valdamine', 'oskus', 'tellima', 'rakendama', 'valdkonnaspetsiifiline', 'IKT-lahendus', '.']"
text159,"['üldine', 'oskus', 'hoiak', 'puudu', 'teadmine', 'töö', 'efektiivsem', 'muutmine', 'võimalus', ',', 'materjal', 'efektiivne', 'kasutamine', ',', 'planeerimine', 'oskus', 'ajajuhtimine', ',', 'suhtlemisoskus', ',', 'meeskonnatöö', 'organiseerimine', 'tööohutus', 'töötervishoiduks', 'isikukaitsevahend', 'kasutamine', '.']"
text160,"['vähene', 'oskus', 'puiduvarumine', 'korraldamine', 'puit', 'maht', 'mõõtmine', 'osas', '.']"
text161,"['kasvav', 'tähtsus', 'üldine', 'oskus', ',', 'teadmine', 'hoiak', 'meeskonnatöö', 'oskus', '.']"
text162,"['kasvav', 'tähtsus', 'üldine', 'oskus', ',', 'teadmine', 'hoiak', 'meeskonnatöö', 'oskus', '.']"
text163,"['töötama', 'meeskond', 'liige', ',', 'jälgima', 'tööprotsess', 'kinnipidamine', ',', 'tootlikkus', ',', 'hoidma', 'toodang', 'kvaliteet', 'järgima', 'töö', 'keskkonnaohutus', 'nõue', '.']"
text164,"['puit', 'mööblitööstus', 'müük', 'ostujuht', 'jääma', 'puudu', 'eksportturg', 'kultuur', 'tundmine', 'vahetus', 'suhtlemisoskus', 'välisturg', '.', 'täiendamine', 'vajama', 'valdkonnaspetsiifiline', 'IKT-lahendus', 'tellimine', 'rakendamine', 'oskus', 'selge', 'korrektne', 'eesti', 'keel', '.']"
text165,"['puit', 'mööblitööstus', 'juht', 'jääma', 'puudu', 'ettevõtlus', 'juhtimine', 'puudutav', 'oskus', ',', 'probleemilahendamine', 'oskus', ',', 'finantsnäitaja', 'lugemine', 'oskus', 'idee', 'genereerimine', 'võime', 'elluviimine', 'oskus', '.']"
text166,"['Forvarderioperaator', 'kasvav', 'tähtsus', 'erialane', 'oskus', 'oskus', 'forvarder', 'ergonoomiliselt', 'sõitma', 'töötama', 'hüdrotõstuk', ',', 'hindama', 'laadima', 'ladustama', 'puit', 'kogus', 'tundma', 'puidurike', ',', 'vedama', 'bioenergeetika', 'tooraine', ',', 'veidi', 'erinev', 'tavapärane', 'ümarpuit', 'kokkuvedu', ',', 'hooldama', 'masin', 'igapäevaselt', 'sooritama', 'töövõte', 'ohutult', 'turvaliselt', '.']"
text167,"['Forvarderioperaator', 'jääma', 'puudu', 'elektriskeem', 'lugemine', 'oskus', 'juhtmekatkestus', 'selgitamine', ',', 'sortiment', 'puidurike', 'tundmine', ',', 'koorem', 'laadima', 'puit', 'maht', 'hindamine', 'virnatäius', 'koefitsient', 'määramine', 'oskus', 'väiksem', 'remonttöö', 'tegemine', 'masin', 'mehhaanika', 'tundmine', ',', 'efektiivne', 'ergonoomiline', 'töövõte', 'IKT-lahendus', 'rakendamine', '(', 'vanem', 'põlvkond', 'töötaja', ')', '.']"
text168,"['puudu', 'jääma', 'koorem', 'laadima', 'puit', 'maht', 'hindamine', 'virnatäius', 'koefitsient', 'määramine', 'oskus', ',', 'puidurike', 'tundmine', ',', 'IKT-lahendus', '(', 'nutikas', 'pardaarvuti', ',', 'e-veoseleht', ',', 'navigeerimine', 'oskus', 'sõitma', 'koordinaat', ')', 'efektiivne', 'ergonoomiline', 'töövõte', 'rakendamine', '.']"
text169,"['arborist', 'kasvav', 'tähtsus', 'erialane', 'oskus', 'teadmine', 'tööohutus', '-', 'turvalisus', ',', 'ökoloogia', 'diagnostika', ',', 'töötamine', 'tõstuk', 'tööplatvorm', ',', 'võsa', 'kettsaag', 'töötamine', 'saag', 'esmane', 'hooldus', 'tegemine', '.', 'suurenema', 'nutiseade', 'IKT-lahendus', 'kasutamine', '.']"
text170,"['suurenema', 'nutiseade', 'IKT-lahendus', 'kasutamine', '.']"
text171,"['harvesterioperaator', 'jääma', 'puudu', 'elektriskeem', 'lugemine', 'oskus', 'juhtmekatkestus', 'selgitamine', ',', 'sortiment', 'puidurike', 'tundmine', ',', 'kalibreerimine', 'järkamisfail', 'koostamine', 'oskus', ',', 'väiksem', 'remonttöö', 'tegemine', 'masin', 'mehhaanika', 'tundmine', 'rike', 'tuvastamine', 'oskus', ',', 'IKT-lahendus', '(', 'eriti', 'vanem', 'põlvkond', 'töötaja', ')', 'efektiivne', 'ergonoomiline', 'töövõte', 'rakendamine', '.']"
text172,"['metsavedu', 'puiduhakkur', 'veokijuht', 'kasvav', 'tähtsus', 'oskus', 'hüdrotõstuk', 'töötamine', ',', 'oskus', 'tagurdama', 'kitsas', 'metsatee', ',', 'puit', 'sortiment', 'puidurike', 'tundmine', ',', 'IKT-lahendus', 'rakendamine', '(', 'nutikas', 'pardaarvuti', ',', 'e-veoseleht', ',', 'navigeerimine', 'sõitmine', 'koordinaat', ')', 'sooritama', 'töövõte', 'ohutult', ',', 'turvaliselt', 'ergonoomiliselt', '.']"
text173,"['oluline', 'teadmine', 'tugevusarvutus', 'matemaatika', ',', 'mehhanism', ',', 'tööstustehnoloogia', ',', 'erialane', 'IKT-lahendus', '-', 'raalprojekteerimine', 'tarkvara', ',', 'sh', 'majandustarkvara', 'kasutamine', 'oskus', ',', 'CNC', 'töötlemiskeskus', 'programm', 'koostamine', 'tark', 'tellija', 'kompetents', 'teadmine', ',', 'tarkvara', ',', 'lahendus', 'tingimus', 'sobima', ',', 'kulutus', 'efektiivne', 'info', 'süsteem', 'koguma', 'tasuma', '.']"
text174,"['puudu', 'jääma', 'joonis', 'koostamine', 'konstrueerimine', 'joonestamine', 'projekteerimistarkvara', 'töötamine', 'oskus', '.']"
text175,"['tootmisseade', 'tehnik', 'kasvav', 'tähtsus', 'erialane', 'oskus', 'teadmine', 'tootmismasin', ',', '-', 'protsess', ',', '-', 'automaatika', ',', '-', 'süsteem', ',', '-', 'liin', 'robot', 'seadistamine', ',', 'töö', 'hoidmine', ',', 'hooldamine', 'programmeerimine', ',', 'lõikeriist', 'teritustehnoloogia', 'tundmine', ',', 'elektrivool', 'joonis', 'lugemine', 'oskus', ',', 'erialane', 'IKT-lahendus', 'kasutamine', ',', 'sh', 'programm', 'masin', 'seotud', 'patentima', 'seade', 'kasutamine', 'reegel', 'tundmine', '.']"
text176,"['raietööline', 'kasvav', 'tähtsus', 'erialane', 'oskus', 'võsa', 'kettsaag', 'kasutamine', 'hooldamine', ',', 'tööohutus', '-', 'turvalisus', ',', 'sh', 'töö', 'turvavahend', 'kasutamine', 'ergonoomiline', 'töövõte', 'kasutamine', '.']"
text177,"['harvesterioperaator', 'kasvav', 'tähtsus', 'erialane', 'oskus', 'võime', 'iseseisvalt', 'valima', 'langetatav', 'puu', ',', 'oskus', 'harvester', 'ergonoomiliselt', 'sõitma', ',', 'kalibreerima', 'harvester', 'mõõtmissüsteem', ',', 'tundma', 'puidurike', ',', 'ohjama', 'tark', 'masin', ',', 'masin', 'igapäevane', 'hooldus', ',', 'kasutama', 'võsagiljotiin', '(', 'bioenergeetika', 'seade', ')', 'sooritama', 'töövõte', 'ohutult', 'turvaliselt', '.']"
text178,"['tootmisseade', 'tehnik', 'jääma', 'puudu', 'tootmismasin', '-', 'liin', 'seadistamine', ',', 'töö', 'hoidmine', ',', 'hooldus', 'programmeerimine', 'oskus', 'tööohutus', 'töötervishoid', 'isikukaitsevahend', 'kasutamine', 'reegel', 'järgimine', '.']"
text179,"['tisler', 'kasvav', 'tähtsus', 'erialane', 'oskus', 'teadmine', 'joonis', 'tehnoloogiakaart', 'lugemine', 'koostamine', 'oskus', ',', 'detail', 'toode', 'esitatav', 'kvaliteedinõue', 'tundmine', 'materjal', 'tundmine', '.']"
text180,"['tisler', 'puudu', 'joonis', 'tehnoloogiakaart', 'lugemine', 'koostamine', 'oskus', 'teadmine', 'detail', 'toode', 'esitatav', 'kvaliteedinõue', '.']"
text181,"['metsavedu', 'puiduhakkur', 'veokijuht', 'probleem', 'kitsas', 'metsatee', 'tagurdamine', 'väiksem', 'remonttöö', 'tegemine', '.']"
text182,"['puitkonstruktsioon', 'püstitaja', 'kasvav', 'tähtsus', 'erialane', 'oskus', 'teadmine', 'projektdokumentatsioon', 'lugemine', 'oskus', ',', 'element', 'õige', 'konstruktsioon', 'lõikamine', 'oskus', 'CNC', 'töötlemiskeskus', 'tööriistade-seade', 'kasutamine', ',', 'hooldamine', 'remontimine', 'oskus', '.']"
text183,"['puitmaja', '(', 'sh', 'käsitöö', 'palkmaja', ')', 'ehitaja', 'tootja', 'kasvav', 'tähtsus', 'erialane', 'oskus', 'teadmine', 'mootorsaag', '(', 'kettsaag', ')', 'kasutamine', 'oskus', '(', 'käsitsi', 'tootja', ')', ',', 'projektdokumentatsioon', 'lugemine', 'oskus', 'tööriistade-seade', 'kasutamine', ',', 'hooldamine', 'remontimine', 'oskus', '.']"
text184,"['liinioperaator', 'kasvav', 'tähtsus', 'erialane', 'oskus', 'teadmine', 'masin', 'liin', 'tööpõhimõte', 'tehnoloogia', 'tundmine', ',', 'programm', 'kasutamine', ',', 'tootmisliin', 'tootlikkus', 'tõhustamine', ',', 'puitmaterjal', 'tundmine', '.']"
text185,"['puudu', 'jääma', 'puu', 'bioloogia', 'arvestamine', 'puu', 'hooldus', ',', 'teadmine', 'lõikus', 'spetsiifiline', 'viis', ',', 'suur', 'puu', 'ümberistutamine', ',', 'puu', 'sanitaarne', 'seisund', 'määramine', '(', 'mädanik', 'levik', 'ulatus', 'määramine', 'tomograaf', ')', 'kahjurputukas', 'tundmine', '.']"
text186,"['puidupingioperaator', 'kasvav', 'tähtsus', 'erialane', 'oskus', 'teadmine', 'puidutöötlemispink', '-', 'seade', 'ehitus', 'tööpõhimõte', 'tundmine', '(', 'sh', 'CNC', 'töötlemiskeskus', ')', ',', 'detail', 'lõiketöötlemine', 'režiim', 'kasutatav', 'puit', 'puidupõhis', 'materjal', 'toode', 'omadus', 'kvaliteet', 'tundmine', ',', 'tööjoonisete', 'lugemine', 'materjal', 'ökonoomne', 'kasutamine', 'oskus', '.']"
text187,"['raietööline', 'jääma', 'puudu', 'noor', 'mets', 'kasvamine', 'kasvatamine', 'teadmine', ',', 'ergonoomiline', 'töövõte', 'kasutamine', 'võsasaag', 'töötamine', 'töö', 'kvaliteet', 'hindamine', 'oskus', '.']"
text188,"['peamine', 'arendamine', 'vajav', 'oskus', 'efektiivne', 'ergonoomiline', 'töövõte', 'rakendamine', '.']"
text189,"['kasvav', 'oskus', 'efektiivne', 'ergonoomiline', 'töövõte', 'omamine', 'oskus', '.']"
text190,"['peamine', 'kasvav', 'oskus', 'efektiivne', 'ergonoomiline', 'töövõte', 'omamine', 'oskus', '.']"
text191,"['vaja', 'lihtsam', 'remonttöö', 'tegemine', 'oskus', ',', 'masin', 'remontimine', 'tulevik', 'tõenäoliselt', 'eraldi', 'amet', ',', 'tähendama', ',', 'masinaoperaator', 'oskus', 'vajadus', 'vähenema', '.']"
text192,"['vaja', 'lihtsam', 'remonttöö', 'tegemine', 'oskus', ',', 'masin', 'remontimine', 'eraldi', 'amet', ',', 'tähendama', ',', 'autojuht', 'tegelema', '.']"
text193,"['kasvama', 'vajadus', 'oskama', 'harvester', 'rike', 'tuvastama', '.']"
text194,"['kasvama', 'vajadus', 'oskama', 'forvarder', 'rike', 'tuvastama', '.']"
text195,"['üldine', 'teadmine', ',', 'oskus', 'hoiak', 'jätkuvalt', 'oluline', 'teadmine', 'matemaatika', 'kohus', 'vastutustunne', '.']"
text196,"['võsalõikaja', '.', 'tööülesanne', '-', 'võsalõikus', 'teeserv', 'ala', ';', '-', 'hekk', 'pügamine', ';', '-', 'ohtlik', 'puu', 'langetamine', 'koristus', ';', '-', 'oks', 'purustamine', 'oksapurustaja', '/', 'äravedu', ';', '-', 'vajadus', 'haljastustöö']"
text197,"['nõue', 'kandidaat', 'Haridustas', 'põhiharidus', 'Keeleoskus', 'keel', 'kõne', 'kiri', 'eesti', 'keel', '-', 'nõutud', 'B1', '-', 'keskmine', 'A2', '-', 'vähene', 'juhiluba', 'B', 'Arvutioskus', 'algtase', 'nõue', '-', 'soov', 'valmisolek', 'töötama', 'välitingimus', 'erinev', 'ilmastikuolu', '(', 'arvama', 'laussadu', ',', 'torm', ',', 'ekstreemsus', ')', ';', '-', 'hea', 'tervis', 'vastupidavus', 'füüsiline', 'töö']"
text198,"['kasutama', 'töö', 'inglise', 'keel', 'A1', 'tase', ',', 'lisa', '2', '-', 'Keel', 'oskustase', 'kirjeldus', '.']"
text199,"['mõistma', 'töövahend', 'masin', 'juhis', 'kasutatav', 'tähistus', '.', 'mõistma', 'seade', 'juhtpaneel', 'nupp', ',', 'lüliti', 'märgutuli', 'funktsioon', '.', '1', ')', 'seade', '/', 'töövahend', 'kasutamiseelne', 'kontroll', '.', '2', ')', 'käivitama', 'tööseade', 'vastavalt', 'kasutusjuhend', 'tooma', 'järjekord', '.', '3', ')', 'valima', 'töö', 'sobiv', 'juhtprogramm', '.', 'lülitama', 'seade', 'abiseade', 'vastavalt', 'kasutusjuhend', 'tooma', 'järjekord', ',', 'mõistma', 'lülitusjärjekord', 'kriitilisus', '.', '1', ')', 'määrama', 'telg', 'referentspunkt', '.', '2', ')', 'lähtestama', 'telg', '(', 'nullistamine', ')', '.', '3', ')', 'mõistma', 'jõuallikas', 'abiseade', 'funktsioon', 'tööpõhimõte', '.', 'mõistma', 'seade', 'arvjuhitav', 'telg', 'tähistus', 'liikumine', '.', '4', ')', 'jälgima', 'seade', 'tööprotsess', 'vajadus', 'peatama', 'programm', ',', 'korrigeerima', 'masin', 'parameeter', '/', 'materjal', 'paigutus', '.', '1', ')', 'vajadus', 'korrigeerima', 'lõikeparameeter', ',', 'mõistma', 'erinev', 'lõikeparameeter', 'mõju', 'lõiketulemus', '.', '2', ')', 'vajadus', 'muutma', 'võimalus', 'piires', 'kompensatsioon', 'väärtus', ',', 'aru', 'kompensatsioon', 'mõju', 'detail', 'mõõde', '.', '3', ')', 'lõikeprogramm', 'lõppemine', 'eemaldama', 'detail', 'jääk', 'töölaud', '.', 'mõõtma', 'mõõtevahend', 'paindenurk', 'paindeserv', 'väärtus', 'vajadus', 'korrigeerima', ',', 'mõistma', 'materjal', 'tagasivetrumine', 'olemus', 'korrektsioon', 'mõju', 'painutuspink', 'telg', 'liikumine', '.']"
text200,"['kasutama', 'igapäevatöö', 'arvuti', 'infotöötlus', 'kommunikatsioon', 'osas', 'algtase', 'kasutaja', 'tase', ',', 'lisa', '1', '-', 'digipädevus', 'enesehindamine', 'skaala', '.']"
text201,"['kasutama', 'ettevõte', 'infohaldus', 'tarkvara', '.']"
text202,"['kontrollima', 'töö', 'mõõteriist', 'isikukaitsevahend', 'korrasolek', '.', '1', ')', 'valima', 'tööülesanne', 'vastav', 'juhtprogramm', ',', 'mõistma', 'juhtprogramm', 'koostamine', 'kasutama', 'masinkood', 'struktuur', '.', '2', ')', 'hindama', 'juhtprogramm', 'kasutama', 'paigutus', '(', 'nesting', ')', 'lähtuv', 'detail', 'laserpea', 'kokkupõrge', 'oht', '.', '3', ')', 'paigaldama', 'materjalileht', 'seade', 'manuaalselt', ',', 'abiseade', 'seade', 'ühendatud', 'automaatne', 'laadimisseade', 'materjal', 'kahjustama', '.', '4', ')', 'paigaldama', 'juhtprogramm', 'ettenähtud', 'lääts', 'düüs', ',', 'kontrollima', 'vajadus', 'korrigeerima', 'laserkiir', 'tsentreering', ',', 'mõistma', 'laser', 'lõikepea', 'seadistus', 'mõju', 'lõiketulemus', '.', '5', ')', 'kalibreerima', 'z-telg', ',', 'käivitama', 'vastav', 'kalibreerimisprogramm', ',', 'mõistma', 'jälgimisandur', 'tööpõhimõte', '.', '1', ')', 'valima', 'tööülesanne', 'vastav', 'juhtprogramm', ',', 'mõistma', 'juhtprogramm', 'koostamine', 'kasutama', 'masinkood', 'struktuur', '.', '2', ')', 'hindama', 'juhtprogramm', 'kasutama', 'paigutus', '(', 'nesting', ')', 'lähtuv', 'detail', 'laserpea', 'kokkupõrge', 'oht', '.', '3', ')', 'paigaldama', 'materjalileht', 'seade', 'manuaalselt', ',', 'abiseade', 'seade', 'ühendatud', 'automaatne', 'laadimisseade', 'materjal', 'kahjustama', '.', '4', ')', 'paigaldama', 'juhtprogramm', 'ettenähtud', 'lääts', 'düüs', ',', 'kontrollima', 'vajadus', 'korrigeerima', 'laserkiir', 'tsentreering', ',', 'mõistma', 'laser', 'lõikepea', 'seadistus', 'mõju', 'lõiketulemus', '.', '5', ')', 'kalibreerima', 'z-telg', ',', 'käivitama', 'vastav', 'kalibreerimisprogramm', ',', 'mõistma', 'jälgimisandur', 'tööpõhimõte', '.', '1', ')', 'koostama', 'juhtpaneel', 'tööülesanne', 'vastav', 'juhtprogramm', ',', 'kasutama', 'painutusteooria', 'alusteadmine', '(', 'painutusmeetod', ',', 'painutusjärjekord', ',', 'tööriist', 'määramine', 'põhimõte', 'vastavalt', 'materjal', ')', ',', 'kinni', 'tööriist', 'tonnaaž', 'piirang', '.', '2', ')', 'tuvastama', '(', 'kindel', ')', 'korrektne', 'pinnalaotus', 'mõõde', ',', 'mõistma', 'paine', 'mahaarvamisväärtus', '(', 'Bend', 'deduction', ')', 'mõju', 'detail', 'mõõde', '.', '3', ')', 'paigaldama', 'tsentreerima', 'juhtprogramm', 'määratud', 'painutustööriist', ',', 'mõistma', 'painutustööriist', 'kinnitussüsteem', 'ohutu', 'käsitlemine', 'alus', '.', '4', ')', 'seadistama', 'seade', 'valguskaitse', ',', 'mõistma', 'valguskaitse', 'kasutamine', 'olulisus', 'toimimine', 'põhimõte', '.']"
text203,"['1', ')', 'mõistma', 'ohutusseade', 'tööpõhimõte', '.', '2', ')', 'seade', '/', 'töövahend', 'puudus', 'esinemine', 'teavitama', 'viivitamatult', 'vastutav', 'isik', '.']"
text204,"['aru', 'ettevõte', 'roll', 'tööstus', '.']"
text205,"['1', ')', 'kinni', 'tähtaeg', 'kokkulepe', '.', '2', ')', 'kasutama', 'aeg', 'efektiivselt', '.']"
text206,"['kasutama', 'võimalus', 'enesetäiendamine', '.']"
text207,"['osalema', 'aktiivselt', 'parendusettepanek', 'tegemine', '.']"
text208,"['teadlik', 'tegevus', 'tagajärg', '.']"
text209,"['koostöö', 'kaastöötaja', '.', 'andma', 'panus', 'ühine', 'tulemus', 'saavutamine', '.']"
text210,"['andma', 'konstruktiivne', 'tagasiside', 'protsess', 'suutlikkus', '.']"
text211,"['järgima', 'tööprotsess', 'etapp', 'ettevõte', 'kehtestama', 'ohutusnõue', '(', 'tuletöö', 'eeskiri', ',', 'tõsteseade', 'kasutus', 'ohutusnõue', 'käsitsi', 'raskus', 'teisaldamine', 'kehtestama', 'nõue', ')', '.', 'järgima', 'tööprotsess', 'etapp', 'tööohutus', 'nõue', '.', 'järgima', 'tööprotsess', 'etapp', 'keskkonnahoid', 'nõue', '.', 'järgima', 'tööprotsess', 'etapp', 'keskkonnahoid', 'nõue', '.']"
text212,"['dokumenteerima', 'tehtud', 'kontroll', 'hooldustoiming']"
text213,"['orienteeruma', 'tehniline', 'joonis', '.']"
text214,"['kontrollima', 'detail', 'joonis', 'vastavus', 'mõõtevahend', '.', '(', 'detail', 'joonis', 'mittevastavus', 'tegutsema', 'vastavalt', 'ettevõte', 'kehtestama', 'reegel', '.', ')']"
text215,"['hindama', 'visuaalselt', 'materjal', 'kvaliteet', ',', 'vältima', 'defektne', 'kahjustama', 'materjal', 'kasutamine', '.']"
text216,"['valima', 'tööülesanne', 'vastav', 'materjal', '.', 'mõistma', 'materjal', 'standard', 'kasutatav', 'tähistus', '.']"
text217,"['ladustama', 'toode', ',', 'töövahend', 'vm', 'ese', 'manuaalselt', '.']"
text218,"['valmistama', 'tööprotsess', 'lähtuv', 'ohutu', 'töökoht', '.']"
text219,"['cnc', 'tootmissüsteem']"
text220,['kiirprototüüpimine']
text221,['tööstusdisain']
text222,"['alamsüsteem', 'käitlemine']"
text223,"['intellektuaalne', 'omand', 'õigus']"
text224,['tööjuhis']
text225,['ohutusnõue']
text226,"['hankima', 'infotehnoloogiline', 'vahend']"
text227,"['cad', 'programm']"
text228,"['computer', 'aide', 'engineering']"
text229,['ruumikujutlusvõime']
text230,['mõtlemisoskus']
text231,"['loogiline', 'analüütiline', 'mõtlemine']"
text232,['alusteadmine']
text233,['vormistama']
text234,"['tehniline', 'joonis', 'vormistamine']"
text235,"['paigaldama', 'alamsüsteem']"
text236,['paigaldamine']
text237,['iseseisvalt']
text238,['meeskonnatöö']
text239,"['hankima', 'teave']"
text240,"['kavandama', 'karjäär']"
text241,"['tehniline', 'joonis', 'koostamine']"
text242,['koostejoonis']
text243,['algatusvõime']
text244,['andmebaas']
text245,['äriplaan']
text246,['automatiseerimine']
text247,['elekter']
text248,['elektriskeem']
text249,['elektromehaanika']
text250,['jootemeetod']
text251,['metallitöötlemispink']
text252,['poltühendus']
text253,['kütteautomaatika']
text254,['liikumisandur']
text255,['hooneautomaatika']
text256,"['fotoelektriline', 'andur']"
text257,['vastuvool']
text258,['transistor']
text259,"['eesti', 'keel']"
text260,['ehitus']
text261,['eneseväljendusoskus']
text262,['hooldus']
text263,['juhendamine']
text264,['keevitamine']
text265,['lukksepatöö']
text266,['matemaatika']
text267,['mõõtmine']
text268,['mõõteriist']
text269,['mõõtkava']
text270,['elektronmõõteriist']
text271,['digitaalmõõteriist']
text272,"['probleemsituatsioon', 'lahendamine']"
text273,"['grupp', 'kuuluma', 'valdkondlik', 'ettevõte', 'töötama', 'müük', 'turundus', 'kvaliteet', 'toode', 'tarneala', 'tootmis', 'tsehh', 'tehnikajuht', '.', 'juht', 'saamine', 'eeldus', 'ekspert', 'hinnang', 'ennekõike', 'sobima', 'isikuomadus', ',', 'piisav', 'töökogemus', 'erialane', '(', 'soovitatavalt', 'tehnikaalane', ')', 'haridus', '.', 'juhtiv', 'positsioon', 'edukas', 'toimetulek', 'lisa', 'erialane', 'kompetents', 'soov', 'oskus', 'inimene', 'juhtima', '.', 'MMT', 'juht', 'oluline', 'oskus', 'teadmine', 'laiapõhjaline', 'tehnikaalane', 'teadmine', ',', 'analüüsioskus', ',', 'strateegiline', 'planeerimine', 'oskus', ',', 'protsess', 'juhtimine', 'oskus', ',', 'koostöövõime', '(', 'sh', 'oskus', 'mõistma', 'klient', 'koostööpartner', 'vajadus', ')', ',', 'argumenteerimisoskus', ',', 'keelteoskus', 'kontseptuaalne', 'mõtlemisoskus', '.']"
text274,"['oluline', 'üleminek', 'varem', 'tööstus', 'levinud', 'autoritaarselt', 'juhtimisstiil', 'nn', 'kaasav', 'juhtimisstiil', 'uus', 'müügistrateegia', 'rakendamine', 'oskus', '.']"
text275,"['MMT', 'juht', 'jääma', 'ekspert', 'hinnang', 'puudu', 'oskus', 'protsess', ',', 'ressurss', 'inimene', 'juhtima', '.']"
text276,"['üha', 'suurem', 'osa', 'tootmine', 'projektipõhine', ',', 'töötaja', 'kuuluma', 'sageli', 'erinev', 'projektimeeskond', 'vahetuma', 'meeskonnaliige', 'tihti', ',', 'järjest', 'vajalikum', 'suhtlemisoskus', ',', 'meeskond', 'juhtimine', 'oskus', ',', 'strateegiline', 'mõtlemine', 'keelteoskus', '.']"
text277,"['seoses', 'kasvav', 'projektipõhis', 'tootmine', 'maht', 'oskustöötaja', 'suurenev', 'vajadus', 'osatama', 'meeskonnajuht', 'uus', 'töötaja', 'juhendaja', '.']"
text278,"['projektipõhis', 'tootmine', 'maht', 'kasv', 'eeldama', 'oskustöötaja', 'oskus', 'meeskonnajuht', 'uus', 'töötaja', 'juhendaja', '.']"
text279,"['projektipõhis', 'tootmine', 'maht', 'kasv', 'eeldama', 'oskustöötaja', 'valmisolek', 'meeskonnajuht', 'uus', 'töötaja', 'juhendaja', '.']"
text280,"['rõhutama', 'dokument', 'koostamine', 'oskus', 'seoses', 'vajadus', 'koostama', 'nt', 'tootmisjuhend', 'kvaliteedistandard', 'lugemine', 'mõistmine', 'oskus', '.']"
text281,"['hetk', 'puuduolev', 'arendamine', 'vajav', 'oskus', 'tooma', 'insener', 'esile', 'oskus', 'hindama', 'töö', 'ettevõtja', 'juht', 'perspektiiv', ',', 'mõistma', 'tootmisprotsess', ',', 'oskus', 'töö', 'arvestama', 'strateegiliselt', 'mõtlema', '.']"
text282,"['meister', 'töödejuhataja', 'ootama', 'erialane', 'IKT-lahendus', 'tundmine', 'rakendamine', 'esmatasand', 'juht', 'oskus', 'personal', 'planeerima', 'mõistma', 'tootmiskulu', 'juhtimine', '.']"
text283,"['ettevõtja', 'hinnang', 'vajama', 'põhikutseala', 'täiendamine', 'näide', 'personal', 'planeerimine', ',', 'tootmiskulu', 'mõistmine', 'juhtimine', 'seotud', 'teadmine', '.']"
text284,"['järjest', 'nõudma', 'keevitaja', 'n-ö', 'tervikpilt', 'nägemine', 'oskus', 'oskus', 'kõrgem', 'kvaliteet', 'keevisõmblus', '.']"
text285,"['järjest', 'nõudma', 'toode', 'koostav', 'töötaja', 'n-ö', 'tervikpilt', 'nägemine', 'oskus', 'üksik', 'töövõte', 'valdamine', ',', 'suurem', 'rõhk', 'panema', 'tööohutus', 'alane', 'nõue', 'tundmine', '.']"
text286,"['Varasem', 'panema', 'rõhk', 'tööohutus', 'alane', 'nõue', 'tundmine', 'järgimine', ',', 'töö', 'efektiivsus', 'tootmisprotsess', 'laiem', 'mõistmine', '.']"
text287,"['Tehnikaalane', 'teadmine', 'osas', 'kasvav', 'tähtsus', 'uus', 'tehnoloogia', 'materjal', 'tundmine', ',', 'läbivalt', 'rõhutama', 'juht', 'olulisem', 'erialane', 'IKT-lahendus', 'tundmine', '.', 'viimane', 'eriti', 'tähtis', 'otseselt', 'tootmine', 'juhtimine', 'seotud', 'ametikoht', '.']"
text288,"['eraldi', 'rõhutama', 'müük', 'turundusjuht', 'oskus', 'planeerima', 'tehnoloogia', 'areng', 'lähtuvalt', 'tulevik', ',', 'oskus', 'hindama', ',', 'ettevõte', 'müüma', 'nt', '5', 'aasta', '.']"
text289,"['kasvav', 'tähtsus', 'üldine', 'oskus', 'protsess', ',', 'ressurss', 'risk', 'juhtimine', 'oskus', ',', 'võõrkeel', '(', 'inglise', ',', 'saksa', ',', 'vene', 'keel', ')', 'valdamine', '.']"
text290,"['insener', 'tooma', 'kasvav', 'tähtsus', 'üldine', 'oskus', 'meeskonnatöö', ',', 'võõrkeel', 'suhtlemisoskus', ',', 'seotud', 'projektipõhine', 'tootmine', 'kasv', 'rahvusvaheline', 'koostöö', '.']"
text291,"['üldine', 'oskus', 'kasvav', 'olulisus', 'suhtlemisoskus', ',', 'sh', 'oskus', 'julgus', 'küsima', 'vajadus', 'juhendamine', '(', 'täiendav', 'selgitus', ')', 'juhendama', 'uus', 'töötaja', '.']"
text292,"['seoses', 'vajadus', 'kasutama', 'töö', 'võõrkeelne', 'dokument', 'osalema', 'välisfirma', 'korraldatud', 'koolitus', ',', 'järjest', 'suurem', 'tähtsus', 'võõrkeel', '(', 'inglise', 'saksa', ')', 'oskus', 'eriala', 'piires', '.']"
text293,"['kasvav', 'oluline', 'trend', 'rõhutama', 'oskus', 'juhtima', 'ettevõte', 'töö', 'ettevõte', 'väärtus', 'võime', 'töötaja', 'motiveerima', '.']"
text294,"['valdkond', 'üldine', 'majandustrend', 'tundmine', 'mõistmine', 'juht', 'arenguruum', 'lisa', 'trend', 'tunnetamine', 'juht', 'õppima', 'kohanduma', 'ettevõte', 'tegevus', 'majandus', 'üldine', 'suundumus', 'sobima', '.']"
text295,"['seoses', 'tehnoloogia', 'areng', 'keevitus', 'kasvav', 'nõudlus', 'uuem', 'keevitusmeetod', '(', 'nt', 'hõõrdkeevitus', ',', 'laserkeevitus', ')', 'valdamine', 'oluline', 'uus', 'oskus', 'keevitusrobot', 'töötamine', '.']"
text296,"['traditsiooniline', 'keevitusmeetod', '(', 'elektroodkeevitus', ')', ',', 'andma', 'keevitaja', 'baasoskus', ',', 'tähelepanu', 'pöörama', 'uus', 'keevitusmeetod', 'töö', 'kasutatav', 'abivahend', '(', 'rakis', ')', 'kasutamine', '.']"
text297,"['leidma', 'ekspert', ',', 'seoses', 'tehnoloogia', 'areng', 'valdkond', 'kasvav', 'nõudlus', 'uuem', 'keevitusmeetod', 'valdav', 'töötaja', 'lähitulevik', 'kasvama', 'keevitusrobot', 'operaator', 'vajadus', '.']"
text298,"['traditsiooniline', 'keevitusmeetod', '(', 'elektroodkeevitus', ')', ',', 'andma', 'toode', 'konstruktsioon', 'valmistaja', 'keevitaja', 'baasoskus', ',', 'tähelepanu', 'pöörama', 'uus', 'keevitusmeetod', 'töö', 'kasutatav', 'abivahend', '(', 'rakis', ')', 'kasutamine', '.']"
text299,"['lisa', 'erialane', 'IKT-oskus', 'erinev', 'programm', 'tundmine', 'rakendamine', 'oskus', 'vajama', 'arendamine', 'seade', 'kiirseadistamine', 'oskus', '(', 'nt', 'SMED', 'oskus', ')', ',', 'teadmine', 'uus', 'lõiketehnoloogia', '-', 'instrument', ',', 'tööriist', '-', 'pink', 'tarvik', '.']"
text300,"['viimistlustehnoloogia', 'pidev', 'arendus', 'viimistleja', 'oluline', 'erinev', 'pinnakate', 'tehnoloogia', 'tundmine', '.']"
text301,"['Ettevõte', 'konkurentsivõime', 'tagamine', 'juht', 'õppima', 'rakendama', 'tööstus', 'levinud', 'juhtimisstrateegia', 'rakendamine', '(', 'nt', 'LEAN-juhtimine', ',', 'erinev', 'kvaliteedialane', 'süsteem', ')', 'täiendama', 'finantsjuhtimine', 'põhitõde', 'vald', '.']"
text302,"['muutus', 'insener', 'eeldatav', 'erialane', 'oskus', 'seotud', 'nn', 'neljas', 'tööstusrevolutsioon', '(', 'Industry', '4.0', ')', 'areng', '.', 'Peamine', 'märksõna', 'tooma', 'intervjuu', 'grupitöö', 'üha', 'laienev', 'robot', 'kasutamine', 'tootmine', 'erialane', 'IKT-lahendus', 'tundmine', 'rakendamine', '.', 'viimane', 'oluline', ',', 'insener', 'valdama', 'joonestus', 'seade', 'juhtimisprogramm', ',', 'tundma', 'ettevõte', 'infohaldus', 'tarkvara', '(', 'nt', 'PLM', '-', 'Product', 'Lifecycle', 'Management', ')', 'tootmine', 'juhtimine', '(', 'nt', 'Erm', '-', 'Enterpris', 'risk', 'Management', ')', 'lahendus', '.']"
text303,"['kasvav', 'vajadus', 'keevitaja', ',', 'oskama', 'opereerima', 'keevitusrobot', '.']"
text304,"['kasvav', 'vajadus', 'keevitusrobot', 'operaator', 'oskus', '.']"
text305,"['valdkond', 'ettevõte', 'toimuma', 'üleminek', 'konventsionaalne', 'metallitöö', 'pink', 'arvjuhtimine', 'tööpink', ',', 'vajama', 'valdkond', 'üha', 'APJ-pink', 'seadistamine', 'opereerimine', 'valdav', 'oskustööline', '.']"
text306,"['ekspert', 'hinnang', 'valdama', 'kool', 'lõpetaja', 'piisav', 'määr', 'tööstus', 'kasutatav', 'programmeerimiskeel', 'puuduma', 'praktiline', 'oskus', ',', 'edukalt', 'toime', 'arvprogrammjuhtimine', 'seade', 'töötamine', 'seade', 'seadistamine', '.']"
text307,"['seoses', 'tootmine', 'automatiseerimine', 'tekkima', 'koostelukksepp', 'vajadus', 'õppima', 'opereerima', 'tootmisrobot', '.']"
text308,"['Mehhatroonik', 'täitma', 'lisa', 'hooldus', 'remont', 'seotud', 'ülesanne', 'sageli', 'seade', 'programmeerimine', 'seadistamine', 'seotud', 'ülesanne', 'kasvav', 'tähtsus', 'robot', 'seadistamine', 'oskus', ',', 'erinev', 'programmeerimiskeel', 'õppimine', 'kogemus', 'nt', 'SMED', 'põhioskus', 'omandamine']"
text309,"['hooldustehnik', 'mehhatroonik', 'arendamine', 'vajav', 'oskus', 'seotud', 'erialane', 'IKT', 'tehnoloogia', 'areng', '.']"
text310,"['mehaanik', 'lukksepp', 'töö', 'muutuma', 'seoses', 'tehnoloogia', 'areng', 'mehhatroonik', 'töö', 'üha', 'sarnasem', 'tingituna', 'kasvav', 'vajadus', 'erialane', 'IKT', 'oskus', '.']"
text311,"['ettevõtja', 'otsima', 'praktiline', 'kogemus', 'spetsialist', ',', 'kiiresti', 'muutuv', 'tehnoloogiline', 'keskkond', 'õpp', 'kohanemisvõimeline', '.']"
text312,"['käsitsitöö', 'asenduma', 'üha', 'tööpink', 'jälgimine', 'haldamine', '.', 'eeldama', 'oskus', 'mõistma', 'kasutama', 'levinum', 'tootmine', 'kasutatav', 'pink', 'juhtimine', 'tarkvara', 'võimekus', 'spetsialiseeruma', 'vajadus', 'tootmisrobot', 'operaator', 'seadistaja', '.']"
text313,"['insener', 'nappima', 'ekspert', 'hinnang', 'kvaliteedistandard', 'lugemine', ',', 'mõistmine', 'rakendamine', 'oskus', '.']"
text314,"['järjest', 'panema', 'rõhk', 'tööohutus', 'alane', 'nõue', 'tundmine', 'järgimine', '.']"
text315,"['lisa', 'erialane', 'oskus', 'järjest', 'olulisem', 'tööohutusnõue', 'mõistmine', 'järgimine', '.']"
text316,"['jätkuvalt', 'oluline', 'erialane', 'oskus', 'joonis', ',', 'skeem', 'lugemine', 'mõistmine', 'oskus', 'montaažioskus', ';', 'tööohutusalane', 'nõue', 'mõistmine', 'järgimine', '.']"
text317,"['tänane', 'meister', 'töödejuhataja', 'arenguruum', 'üldine', 'tootmine', 'korraldamine', 'juhtimine', 'puudutav', 'küsimus', '.']"
text318,"['kasvav', 'tähtsus', '(', 'tööstus', ')', 'robot', 'hooldus', 'seadistamine', 'oskus', '.']"
text319,"['ettevõtja', 'otsima', 'töökogemus', 'spetsialist', ',', 'kiiresti', 'muutuv', 'tehnoloogiline', 'keskkond', 'õpp', 'kohanemisvõimeline', '.']"
text320,"['kaduma', 'IKT-oskus', 'vajadus', 'n-ö', 'traditsiooniline', 'oskus', ',', 'joonis', 'lugemine', 'montaažioskus', '.']"
text321,"['ettevõtja', 'hinnang', 'vajama', 'koolilõpetaja', 'arendamine', 'joonis', 'lugemine', ',', 'ruumiline', 'mõtlemine', 'montaažioskus', '.']"
text322,"['ettevõtja', 'hinnang', 'vajama', 'koolilõpetaja', 'arendamine', 'joonis', 'lugemine', ',', 'ruumiline', 'mõtlemine', 'montaažioskus', '.']"
text323,"['erialane', 'oskus', 'vajama', 'arendamine', 'joonis', 'lugemine', 'montaažioskus', '.']"
text324,"['olulisem', 'muutuma', 'oskus', 'töötama', 'samaaegselt', 'erinev', 'seade', ',', 'IKT-lahendus', 'kasutuselevõtt', 'võimaldama', 'inimene', 'töötama', 'korraga', 'tööpink', '.']"
text325,"['seoses', 'valdkond', 'kiire', 'areng', 'pidev', 'vajadus', 'erialane', 'oskus', 'täiendama', ',', 'õppima', 'uus', 'tehnoloogia', '.']"
