text_id,list
text0,"['võistlusülesande', 'lahendamiseks', 'vajalikud', 'erialased', 'teadmised', 'ja', 'oskused', ':', 'elektroonikakomponentide', 'formeerimine', 'ja', 'paigaldamine', 'trükkplaadile', ',', 'elektroonikakomponentide', 'trükkplaadilt', 'maha', 'jootmine', ',', 'elektroonikakomponentide', 'trükkplaadile', 'jootmine', ',', 'jooteseadmete', 'kasutamine', ',', 'jootematerjalide', 'kasutamine', ',', 'elektroonikakomponentide', 'ohutus', '.']"
text1,"['võistlusülesandena', 'tuli', 'elektroonikutel', 'etteantud', 'komponentidest', 'kokku', 'monteerida', 'pindmontaaž-', 'ja', 'läbiviiktehnoloogiaid', 'kasutav', 'elektroonikaseadme', 'trükkplaat', '.']"
text2,"['see', 'on', 'väga', 'hea', 'ja', 'positiivne', 'alus', ',', 'kust', 'kõrgemaid', 'probleemilahenduse', 'ja', 'tehnoloogia', 'kasutuse', 'oskusi', 'edasi', 'arendada', '.']"
text3,"['“', 'töövõtted', 'ja', 'ohutustehnika', 'olid', 'kõigil', 'võistlejatel', 'selged', 'ja', 'nende', 'eest', 'said', 'kõik', 'maksimumpunktid', ',', '”', 'tunnustas', 'Kolk', '.']"
text4,"['enamasti', 'on', 'nendeks', 'pigem', 'eraisikud', 'ja', 'väikese', 'suurusega', 'ettevõtjad', ',', 'kel', 'tihti', 'puudub', 'ka', 'oskus', ',', 'võimekus', 'ja', 'eelarve', 'oma', 'dokumentide', 'pikaajalise', 'turvalisuse', 'tagamiseks', '.']"
text5,"['“', 'täpsust', 'ja', 'osavust', 'nõudvat', 'käsijootmise', 'ülesannet', 'jälgisid', 'IPC', 'meisterkoolitaja', 'sertifikaatidega', 'kohtunikud', 'Tallinna', 'Polütehnikumist', ',', 'kes', 'rahvusvahelistele', 'IPC', 'standarditele', 'tuginedes', 'hindasid', 'valminud', 'trükkplaadi', 'töövõimet', 'ja', 'koostamise', 'kvaliteeti', ',', '”', 'selgitab', 'Kolk', 'võistlustööde', 'hindamise', 'parameetreid', 'ning', 'lisab', ',', 'et', 'võidutöö', 'tulemus', 'oli', 'ideaalilähedane', '.']"
text6,"['ühiselt', 'vaadatakse', 'üle', ',', 'kuidas', 'ja', 'milline', 'eesmärkide', 'puu', 'luua', 'ning', 'kuidas', 'tulemusi', 'hinnata', 'ning', 'tagada', 'edusammudega', 'seotud', 'kommunikatsioon', '.']"
text7,"['LIKTA', 'kutsub', 'inimesi', 'kõigis', 'kolmes', 'Balti', 'riigis', 'üles', 'osalema', 'projekti', '“', 'virtual', 'internships', 'in', 'the', 'baltics', '”', 'raames', 'tasuta', 'digioskuste', 'kursustel', ',', 'pakkudes', 'kokku', '30 000', 'inimesele', 'võimalust', 'tasuta', 'oma', 'teadmisi', 'parandada', 'ja', 'seeläbi', 'tuleviku', 'karjäärivõimalusi', 'edendada', '.']"
text8,"['15%', 'eestimaalastest', 'nentis', 'värske', 'uuringu', 'kohaselt', ',', 'et', 'neilt', 'on', 'tööle', 'kandideerides', 'oodatud', 'enamat', 'kui', 'vaid', 'digitaalseid', 'põhioskusi', '–', 'küsitud', 'on', 'teadmisi', 'andmeanalüüsist', ',', 'oodatud', 'on', 'programmeerimisoskust', 'või', 'muid', 'keerukamaid', 'digioskusi', '.']"
text9,"['„', 'digitaalsest', 'kirjaoskusest', 'on', 'saanud', 'meie', 'igapäevaelu', 'osa', '.']"
text10,"['lähiaastatel', 'hakkavad', 'tööandjad', 'üleüldise', 'digipöörde', 'tulemusena', 'digioskustele', 'veelgi', 'enam', 'tähelepanu', 'pöörama', '.']"
text11,"['on', 'väga', 'teretulnud', ',', 'et', 'täiskasvanud', 'saavad', 'tasuta', 'kursustel', 'nii', 'oma', 'praktilisi', 'kui', 'teoreetilisi', 'it-teadmisi', 'arendada', ',', 'kasvatades', 'nii', 'oma', 'konkurentsivõimet', '.']"
text12,"['nõudlus', 'digiteenuste', 'ja', '-', 'oskuste', 'järele', 'on', 'kiiresti', 'kasvanud', 'kõikjal', 'Euroopa', 'Liidus', ',', 'nii', 'ka', 'Balti', 'riikides', ',', 'kus', 'nii', 'palgad', 'kui', 'tööjõuvajadus', 'kasvavad', 'kõige', 'kiiremini', 'just', 'it-sektoris', '.']"
text13,"['ellest', 'saavad', 'aru', 'ka', 'töötajad', ':', 'et', 'oma', 'professionaalseid', 'oskusi', 'edendada', ',', 'on', '31,8%', 'Läti', ',', '28,4%', 'Leedu', 'ja', '25%', 'Eesti', 'elanikest', 'värske', 'uuringu', 'kohaselt', 'valmis', 'oma', 'digioskusi', 'parandama', '.']"
text14,"['Vahemere', 'Liidu', 'konverentsil', 'fookuses', 'digipööre', 'ja', 'tuleviku', 'digioskuste', 'edendamine']"
text15,"['konverentsile', 'kogunes', '50', 'osalejat', 'Euroopa', 'ja', 'Vahemere', 'piirkonnast', ',', 'kelle', 'hulgas', 'oli', 'valitsusametnikke', ',', 'erasektori', 'esindajaid', ',', 'ettevõtjaid', ',', 'teadlasi', 'ja', 'teiste', 'sidusrühmade', 'esindajaid', ',', 'et', 'arutada', 'mitmeid', 'teemasid', ',', 'nagu', 'e-valitsemine', ',', 'e-teenused', ',', 'digimajandus', 'ja', 'digioskused', '.']"
text16,"['president', 'Ilves', 'tudengitele', ':', 'inimeste', 'digitaalne', 'kirjaoskus', 'on', 'möödapääsmatu']"
text17,"['“', 'kui', 'digimaailm', 'kolib', 'üha', 'enam', 'nn', 'pärismaailma', 'või', ',', 'täpsemalt', 'öeldes', ',', 'kui', 'pärismaailm', 'muutub', 'digitaalseks', ',', 'on', 'iseenesestmõistetav', ',', 'et', 'kõik', 'inimesed', 'peavad', 'omandama', 'digitaalse', 'kirjaoskuse', ',', '”', 'ütles', 'president', 'Toomas', 'Hendrik', 'Ilves', 'Tallinna', 'Tehnikaülikooli', 'aulas', 'peetud', 'avalikus', 'loengus', ',', 'kus', 'ta', 'analüüsis', 'meie', 'igapäevaelu', 'paratamatut', 'ja', 'aina', 'kiiremini', 'kasvavat', 'sõltuvust', 'digimaailmast', '.']"
text18,"['paananen', ':', 'ka', 'keskealistele', 'töötajatele', 'tuleks', 'anda', 'IKT', 'oskused']"
text19,"['skype', 'Eesti', 'endise', 'juhi', 'sõnul', 'tuleks', 'ka', 'juba', 'keskealistele', 'töötajatele', 'anda', 'IKT', 'oskused', '.']"
text20,"['“', 'me', 'saame', 'anda', 'täiendavad', 'IKT', 'oskused', ',', 'logistikutele', ',', 'keeletehnoloogidele', ',', 'kellele', 'iganes', ',', '”', 'ütles', 'Paananen', ',', 'kelle', 'sõnul', 'oleks', 'just', 'elukestev', 'õpe', 'üheks', 'võtmesõnaks', 'Eesti', 'majanduse', 'edendamisel', 'ning', 'rahvusvahelises', 'konkurentsis', 'hoidmisel', '.']"
text21,"['kampaania', 'eesmärk', 'on', 'tõsta', 'kodanike', 'teadlikkust', 'tööalaste', 'e-oskuste', 'täiendamise', 'vajadusest', '.']"
text22,"['kampaania', 'algatamise', 'põhjuseks', 'on', 'üha', 'kasvav', 'nõudlus', 'IKT', '(', 'info-', 'ja', 'kommunikatsioonitehnoloogia', ')', 'oskustega', 'töötajate', 'järele', ',', 'mis', 'on', 'rahuldamata', 'vaatamata', 'kõrgele', 'töötuse', 'tasemele', 'Euroopas', '.']"
text23,"['kampaania', 'näol', 'on', 'tegemist', 'üleeuroopalise', ',', 'mitut', 'huvirühma', 'liitva', 'partnerlusega', ',', 'mille', 'eesmärgiks', 'on', 'vähendada', 'puudujääki', 'Euroopa', 'elanike', 'ikt-alastes', 'oskustes', 'ning', 'aidata', 'rakendada', 'IKT', 'potentsiaali', 'tööhõive', 'kujundamisel', '.']"
text24,"['kampaania', 'põhirõhk', 'on', 'teadlikkuse', 'tõstmisel', 'haridusest', ',', 'väljaõppest', ',', 'töökohtadest', 'ning', 'teistest', 'võimalustest', ',', 'mis', 'on', 'kättesaadavad', 'e-oskustega', 'inimestele', '–', 'inimestele', ',', 'kes', 'teavad', ',', 'kuidas', 'digitaaltehnoloogiat', 'tõhusalt', 'kasutada', '.']"
text25,"['e-oskused', 'on', 'vajalikud', 'väikeste', 'või', 'keskmise', 'suurusega', 'ettevõtete', 'töötajatele', ',', 'noortele', 'inimestele', 'ning', 'tööturule', 'siseneda', 'soovivatele', 'töötutele', '.', 'samuti', 'on', 'e-oskused', 'üliolulised', 'ettevõtetele', ',', 'mis', 'vajavad', 'kõrgetasemelist', 'tööjõudu', '.', 'kuna', 'Euroopa', 'võitleb', 'pikaajalise', 'majanduslangusega', ',', 'on', 'e-oskused', 'majanduse', 'jaluleaitamisel', 'olulisemad', 'kui', 'kunagi', 'varem', '.', 'heade', 'e-oskustega', 'inimesed', 'mängivad', 'keskset', 'rolli', 'uuendusliku', 'ning', 'konkurentsivõimelise', 'Euroopa', 'kujundamisel', '.']"
text26,"['mida', 'saame', 'ühiselt', 'teha', 'IKT', 'oskuste', 'arendamiseks', 'Eestis', '?']"
text27,"['PIAAC-i', 'uuring', '„', 'täiskasvanute', 'oskused', 'Eestis', 'ja', 'maailmas', '“', ',', 'mis', 'avaldati', '8.', 'oktoobril', ',', 'toob', 'selgelt', 'esile', 'vajaduse', 'suurendada', 'Eestis', 'infotöötluse', 'mahukate', 'töökohtade', 'arvu', 'ja', 'tõsta', 'meie', 'elanikkonna', 'professionaalseid', 'IKT', 'oskusi', '.']"
text28,"['kui', 'me', 'teame', ',', 'et', 'valdav', 'osa', 'Eesti', 'elanikkonnast', 'kasutab', 'pidevalt', 'igapäevaseid', 'e-teenuseid', '(', 'Internetipank', ',', 'tuludeklaratsiooni', 'esitamine', ',', 'jne', ')', 'vaatamata', 'sellele', ',', 'et', 'suurel', 'osal', 'inimestest', 'puuduvad', 'kõrgemad', 'IKT-ga', 'seonduvad', 'probleemilahendusoskused', ',', 'siis', 'on', 'see', 'kinnituseks', ':', 'meie', 'e-teenused', 'on', 'mugavad', 'ja', 'kasutajasõbalikud', '.']"
text29,"['on', 'ilmselge', ',', 'et', 'nõudmised', 'töötajate', 'oskustele', 'kasvavad', 'kiiresti', '.', 'palju', 'sellest', ',', 'mis', 'viis', 'aastat', 'tagasi', 'oli', 'IT', 'spetsialistide', 'mängumaa', ',', 'on', 'täna', 'vajalik', 'kõigile', 'arvutiga', 'töötajatele', '.', 'vastavaid', 'oskusi', 'tuleb', 'sihipäraselt', 'õpetada', 'nii', 'noortele', 'kui', 'täiskasvanuile', 'selleks', ',', 'et', 'olla', 'edukas', 'riikide', 'konkurentsis', '.']"
text30,"['vajalik', 'on', 'sihipärane', 'IKT', 'oskuste', 'õpetamine', 'ja', 'hindamine', 'alates', 'põhikoolist', '.']"
text31,"['tööstussektori', 'juht', ',', 'saada', 'töötaja', 'tasuta', 'digioskuste', 'koolitusele']"
text32,"['majandus-', 'ja', 'kommunikatsiooniministeerium', '(', 'MKM', ')', 'viib', 'Euroopa', 'Sotsiaalfondi', '2014', '–', '2020', 'toel', 'ellu', 'toetusskeemi', '„', 'digitaalse', 'kirjaoskuse', 'suurendamine', '“', ',', 'mille', 'käigus', 'viiakse', 'tuhandetele', 'tööstussektori', 'töötajale', 'läbi', 'tasuta', 'koolitused', 'digioskuste', 'parandamiseks', '.']"
text33,"['lähtuvalt', 'antud', 'eesmärgist', 'tellis', 'MKM', 'digitaalse', 'kirjaoskuse', 'baaskoolituse', 'tööstussektori', 'töötajatele', 'ning', 'ikt-oskuste', 'vajalikkust', 'põhjendavad', 'teadlikkuse', 'tõstmise', 'tegevused', 'ettevõtete', 'juhtidele', '–', 'projekti', 'nimi', 'on', 'DigiABC', 'ja', 'projekt', 'viiakse', 'ellu', 'perioodil', '2017', '-', '2020.']"
text34,"['digioskuste', 'puudumine', 'takistab', 'arengut']"
text35,"['töötajate', 'digitaalse', 'kirjaoskuse', 'puudumine', 'on', 'takistuseks', 'tööalases', 'arengus', '.']"
text36,"['üks', 'sektor', ',', 'kus', 'digitaalne', 'kirjaoskus', 'võiks', 'suurimat', 'mõju', 'avaldada', ',', 'on', 'just', 'töötlev', 'tööstus', '.']"
text37,"['tasuta', 'koolitusprogramm', 'digioskuste', 'arendamiseks']"
text38,"['google', 'pakub', 'koostöös', 'Majandus-', 'ja', 'kommunikatsiooniministeeriumi', '(', 'MKM', ')', ',', 'Ettevõtluse', 'Arendamise', 'Sihtasutuse', '(', 'EAS', ')', 'ja', 'Maakondlike', 'Arenduskeskustega', 'kõigile', 'huvilistele', 'tasuta', 'koolitusi', ',', 'et', 'suurendada', 'nende', 'teadmisi', 'näiteks', 'veebilehe', 'või', '-', 'poe', 'arendamisest', ',', 'digimaailmas', 'nähtavuse', 'tõstmisest', ',', 'sotsiaalmeedia', 'turundusest', ',', 'digistrateegiate', 'koostamisest', 'ja', 'paljust', 'muust', '.']"
text39,"['lisaks', 'annetab', 'Google', 'Eesti', 'Ametiühingute', 'Keskliidule', '150 000', 'dollarit', 'ehk', 'umbes', '125 000', 'eurot', ',', 'et', 'tõsta', 'spetsiifilisemalt', '1000', 'madalapalgalise', 'töötaja', 'digioskusi', '.']"
text40,"['virtuaalne', 'tööandjate', 'teabepäev', 'koolitustoetuse', 'kohta', 'töötajate', 'IKT', 'alaste', 'oskuste', 'arendamiseks']"
text41,"['käesolevast', 'aastast', 'saab', 'töötukassalt', 'taotleda', 'koolitustoetust', 'töötajate', 'informatsiooni-', 'ja', 'kommunikatsioonitehnoloogia', '(', 'IKT', ')', 'alaste', 'oskuste', 'arendamiseks', '.']"
text42,"['kutsekojal', 'valmis', 'uuring', ',', 'mis', 'annab', 'ülevaate', ',', 'milliste', 'digioskuste', 'järele', 'erinevates', 'majandusvaldkondades', 'vajadus', 'kasvab', 'ja', 'milliseid', 'IKT', 'oskusi', 'tasub', 'töötajatele', 'õpetada', '.']"
text43,"['võib', 'oletada', ',', 'et', 'peamiseks', 'põhjuseks', 'on', 'väikeettevõtjate', '(', 'eriti', 'mikroettevõtjate', ')', 'väiksem', 'haldussuutlikus', 'ning', 'vajalike', 'kompetentside', 'puudumine', '(', 'muuhulgas', 'puudub', 'paljudel', 'mikroettevõtjatel', 'piisav', 'arvutikasutamise', 'oskus', 'ja', '/', 'või', 'piisavad', 'vahendid', 'ettevõttevälise', 'teenuse', 'sisseostmiseks', ')', '.']"
text44,"['äriandmete', 'analüüsi', 'oskusi', 'saab', 'omandada', 'kursusel', '“', 'äri-', 'ja', 'andmeanalüüs', '”']"
text45,"['uuring', 'kinnitab', 'meie', 'noorte', 'tipptasemel', 'oskusi', 'funktsionaalses', 'lugemisoskuses', 'ja', 'matemaatilises', 'kirjaoskuses', '.']"
text46,"['suure', 'pildi', 'nägemises', 'ja', 'muutuse', 'elluviimisel', 'on', 'inimesel', 'jätkuvalt', 'juhtroll', 'ning', 'sellele', 'tänavu', 'keskendumegi', '.']"
text47,"['veel', 'rõhutab', 'RIA', 'kahte', 'asja', '.', 'esiteks', 'soovitatakse', 'ettevõtetel', 'hinnata', ',', 'milliseid', 'dokumente', 'üldse', 'on', 'vaja', 'üle', 'tembeldada', 'ning', 'kas', 'kinnitada', 'dokumente', 'templiga', 'ühe-', 'või', 'sajakaupa', '.']"
text48,"['aga', 'ka', 'käsu', 'koostamise', 'ja', 'andmise', 'oskus', 'on', 'tsiviilelus', 'kasulik', ',', 'sest', 'tegu', 'on', 'konkreetse', 'juhisega', 'ülesande', 'lahendamiseks', 'ning', 'selle', 'andmisega', 'kaasneb', 'ka', 'enesekindlus', 'ja', 'usk', 'sellesse', ',', 'et', 'ülesanne', 'saab', 'lahendatud', '.']"
text49,"['sealjuures', 'on', 'oluline', 'osata', 'enda', 'õpikogemusi', 'mõtestada', ',', 'mida', 'väärtuslikku', 'saadi', 'ja', 'kuidas', 'seda', 'rakendada', '.']"
text50,"['lisaks', 'erialasele', 'professionaalsusele', 'toodi', 'kandidaatide', 'juures', 'välja', 'ka', 'rida', 'isikuomadusi', ',', 'mis', 'on', 'olulised', 'hea', 'tulemuse', 'saavutamiseks', '-', 'süsteemne', 'tegevus', ',', 'eesmärgile', 'pühendumine', ',', 'põhjalikkus', ',', 'hea', 'suhtlemisoskus', ',', 'operatiivsus', ',', 'innovatiivsus', ',', 'soov', 'end', 'pidevalt', 'erialaselt', 'täiendada', '”', ',', 'lausus', 'Ehitusinseneride', 'Liidu', 'tegevdirektor', 'Tiia', 'Ruben', '.']"
text51,"['levinud', 'on', 'müüt', ',', 'et', 'it-sektoris', 'töötamiseks', 'on', 'vaja', 'väga', 'head', 'matemaatikaoskust', '.']"
text52,"['„', 'kõrgharidus', 'on', 'läinud', 'liiga', '„', 'pehmeks', '“', 'ja', 'kui', 'matemaatikat', 'ei', 'õpita', ',', 'siis', 'inseneriks', 'ei', 'saada', '.', '“', 'veskimägi', 'rääkis', 'ka', 'võõrtööliste', 'värbamise', 'kitsaskohtadest', 'nii', 'riiklikul', 'kui', 'ettevõtte', 'tasandil', '.']"
text53,"['personali', 'hulgas', 'korraldati', 'küsitlus', ',', 'millest', 'muu', 'hulgas', 'selgus', ',', 'et', 'suurenenud', 'oli', 'arusaamine', 'ettevõtte', 'eesmärkidest', ',', 'stressiga', 'toime', 'tulemise', 'oskus', 'ja', 'soov', 'panustada', 'raskemate', 'probleemide', 'lahendamisse', '.']"
text54,"['tegelikult', 'on', 'märksa', 'olulisem', 'probleemi', 'lahendamise', 'oskus', 'ja', 'tahe', 'õppida', ',', 'aga', 'ka', 'julgus', 'eksperimenteerida', 'ja', 'eksida', '.']"
text55,"['tema', 'tugevusteks', 'on', 'koostööle', 'orienteeritus', ',', 'uuendusmeelsus', 'ning', 'oskus', 'lahendada', 'probleeme', 'kõigile', 'osapooltele', 'sobivalt', '.']"
text56,"['töökohtades', 'võib', 'kujundada', 'n-ö', 'õpipesasid', 'ja', 'korraldada', 'virtuaalseid', 'õpiringe', 'või', 'juhendatud', 'probleemi', 'lahendamise', 'arutelusid', '.']"
text57,"['TEPP', 'koostööplatvorm', 'ilmestab', 'hästi', 'Eesti', 'kerksust', 'ning', 'oskust', 'vastata', 'kriisidele', 'ja', 'väljakutsetele', 'uuenduslike', 'lahendustega', '.']"
text58,"['EY', 'aasta', 'ettevõtja', 'konkursi', 'patroon', 'president', 'Alar', 'Karis', 'lausus', 'oma', 'videotervituses', ',', 'et', 'Eesti', 'ettevõtjad', 'on', 'vastupidavad', 'ja', 'sihikindlad', ',', 'kes', 'oskavad', 'näha', 'ja', 'kasutada', 'uusi', 'võimalusi', 'ka', 'seal', ',', 'kus', 'teised', 'käega', 'löövad', '.']"
text59,"['näidata', ',', 'et', 'kolmikpöörde', 'kriitiline', 'eeldus', 'on', 'juhtimise', 'kvaliteet', 'ja', 'muutuse', 'juhtimise', 'oskus', ';']"
text60,"['meeskonnaliikmed', 'arendavad', 'oma', 'teadmisi', 'järgmistes', 'ärivaldkondades', ':', 'turundus-', 'ja', 'müügijuhtimine', 'ostu-', 'ja', 'logistika', 'juhtimine', 'tootmise-', 'ja', 'kvaliteedijuhtimine', 'finantsjuhtimine', 'personalijuhtimine']"
text61,"['oskuse', 'luua', 'selge', 'ja', 'kaasav', 'strateegia', ',', 'saavutada', 'inimeste', 'pühendumus', ',', 'et', 'viia', 'ellu', 'püstitatud', 'eesmärgid', 'ning', 'juhtida', 'muutusi', '.']"
text62,"['meil', 'on', 'hea', 'meel', 'teada', 'anda', ',', 'et', 'EAS', 'pakub', 'koos', 'majandus-', 'ja', 'Kommunikatsiooniministeerumiga', 'sellel', 'kevadel', 'teile', 'personaalseid', 'koolitusi', 'oma', 'organisatsiooni', 'turundusvõimekuste', 'ja', 'kommunikatsioonioskuste', 'arendamiseks', '.']"
text63,"['turunduskoolituse', 'eesma', '̈', 'rk', 'on', 'anda', 'osalejatele', 'edasi', 'praktilisi', 'oskusi', 'ja', 'nippe', 'oma', 'organisatsiooni', 'turundustegevuste', 'elluviimiseks', '(', 'kas', 'turundustegevusi', 'ise', 'tehes', 'vo', '̃', 'i', 'olles', 'tark', 'tellija', ')', '.']"
text64,"['tasub', 'tuua', 'esile', 'oma', 'toote', 'eelised', 'ja', 'faktorid', ',', 'miks', 'see', 'eristub', 'turul', 'olevatest', 'toodetest', '.']"
text65,"['suhtles', 'aktiivselt', ',', 'leidis', 'õige', 'Prantsuse', 'esindaja', ',', 'panustas', 'ja', 'panustab', 'endiselt', 'sotsiaalmeediasse', ',', 'toodete', 'degustatsioonidesse', ',', 'erinevatesse', 'võimalustesse', 'tooteid', 'esile', 'tõsta', '.']"
text66,"['ei', 'tasu', 'unustada', ',', 'et', 'poeketti', 'saamine', 'on', 'vaid', 'esimene', 'etapp', ',', 'seejärel', 'tuleb', 'sama', 'intensiivselt', 'panustada', 'sellesse', ',', 'et', 'toode', 'riiulitel', 'püsiks', '.']"
text67,"['facebookil', 'on', 'nüüd', 'Eestis', 'oma', 'esindaja', ',', 'kes', 'kutsus', 'EVEAd', 'Facebookiga', 'koostööd', 'tegema', ',', 'et', 'aidata', 'väikeettevõtjatel', 'parandada', 'oma', 'digiturunduse', 'ja', 'e-kauplemise', 'oskusi', 'sotsiaalmeedias', '.']"
text68,"['ära', 'jäta', 'kasutamata', 'võimalust', 'omandada', 'oskused', ',', 'kuidas', 'arendada', 'oma', 'äri', 'veebis', '!']"
text69,"['kommunikatsioonikoolitus', 'on', 'mõeldud', 'neile', ',', 'kelle', 'tööülesannete', 'hulka', 'kuulub', 'organisatsiooni', 'tegevuste', ',', 'saavutuste', ',', 'eesmärkide', 'jne', 'osas', 'info', 'suuremale', 'avalikkusele', 'edastamine', '.']"
text70,"['ühest', 'küljest', 'on', 'oluline', 'oma', 'valdkonda', 'tunda', 'ja', 'teisalt', 'peaks', 'seda', 'sisu', 'suutma', 'ka', 'oma', 'õpilastele', 'nii', 'edasi', 'anda', ',', 'et', 'nad', 'nende', 'teadmiste', 'ja', 'oskustega', 'töökeskkonnas', 'toime', 'tuleks', '.']"
text71,"['aktiivse', 'ja', 'innuka', 'uuendajana', 'lööb', 'tema', 'silm', 'kohe', 'särama', ',', 'kui', 'on', 'võimalik', 'lastele', 'millegi', 'uue', 'õpetamisel', 'kasutada', 'uudseid', 'meetodeid', 'ja', 'vahendeid', '.']"
text72,"['kutseõppe', 'juhid', 'peavad', 'suutma', 'kutseõpetajaid', 'motiveerida', 'pikaajaliselt', ',', 'korraldama', 'töö', 'nii', ',', 'et', 'anda', 'aega', 'pidevaks', 'enesearenguks', 'ja', 'täiendamiseks', 'ning', 'proovida', 'minimaliseerida', 'läbipõlemist', '.']"
text73,"['meeskondade', 'juhtimine', 'nõuab', 'sootuks', 'teistmoodi', 'oskusi', 'kui', 'produktiivsuse', 'kasvatamine', 'ja', 'tootmisliini', 'timmimine', '.']"
text74,"['kui', 'varem', 'sooviti', 'kedagi', ',', 'kes', 'ütleb', ',', 'kuidas', 'tuleb', 'teha', 'ja', 'kui', 'mitu', 'korda', ',', 'siis', 'nüüd', 'eelistatakse', 'neid', 'juhte', ',', 'kes', 'lasevad', 'endal', 'mõelda', 'ja', 'samas', 'toetavad', 'töötajaid', '(', 'põhimõte', 'coach', 'vs', '.', 'boss', ')', '.']"
text75,"['tulemuslik', 'meeskonnajuhtimine', 'kaugtööl']"
text76,"['veebiseminaril', 'räägib', 'Indrek', 'Maripuu', ',', 'kuidas', 'efektiivselt', 'juhtida', 'sõltumata', 'sellest', ',', 'kus', 'meeskonnaliikmed', 'tööd', 'teevad', '.']"
text77,"['kõige', 'suurem', 'proovikivi', 'on', 'järelkasvu', 'tagamine', 'nii', ',', 'et', 'inimesed', ',', 'kes', 'jätkavad', 'organisatsioonis', 'pärast', 'sind', ',', 'on', 'tunduvalt', 'paremad', 'või', 'vähemalt', 'sama', 'head', ',', 'et', 'tagada', 'organisatsiooni', 'areng', 'ja', 'püsimajäämine', '.', 'sellega', 'on', 'seotud', 'ka', 'oma', 'meeskonna', 'eest', 'hoolitsemine', '.']"
text78,"['kindlasti', 'juhtimiskogemused', 'ja', '-', 'oskused', ',', 'sest', 'me', 'koolitame', 'suurest', 'osast', 'noortest', 'juhte', '.']"
text79,"['võtmesõnad', 'on', 'märkamine', 'ja', 'töötajaga', 'suhtlemine', ',', 'seda', 'nii', 'igapäevatöös', 'kui', 'ka', 'juhina', 'regulaarselt', 'selleks', 'aega', 'võttes', '.']"
text80,"['päeva', 'tulemusena', 'arendate', ':', 'meeskonnatööd', 'strateegilist', 'mõtlemist', 'juhtimisoskust', 'otsustusoskus']"
text81,"['kui', 'küsida', 'juhtidelt', ',', 'kuidas', 'motiveerida', 'töötajaid', ',', 'siis', 'kõige', 'rohkem', 'vastatakse', ',', 'et', 'tuleb', 'palka', 'juurde', 'panna', '.']"
text82,"['tegelikult', 'on', 'meie', 'töö', 'ikkagi', 'suures', 'osas', 'seotud', 'läbirääkimiste', 'ja', 'koostööga', 'ning', 'seda', 'me', 'ka', 'õpetame', '.']"
text83,"['Marje', 'on', 'innustanud', 'õpilasi', 'läbi', 'viima', 'erinevaid', 'koostööprojekte', '.']"
text84,"['5', 'kauneima', 'Eesti', 'lasteraamatu', 'žürii', 'esinaine', 'Anu', 'Kalm', 'rõõmustab', 'ilusate', 'lasteraamatute', 'rohkuse', 'üle', 'ning', 'nendib', ',', 'et', 'nutiajastul', 'on', 'üha', 'olulisem', 'visuaalne', 'kirjaoskus', ',', 'oskus', 'valida', 'sobivat', 'kirjatüüpi', 'ning', 'kõike', 'tervikuks', 'kokku', 'panna', '.']"
text85,"['võistlused', 'kestavad', 'mitu', 'päeva', 'ning', 'igal', 'võistlusalal', 'hinnatakse', 'nii', 'tehnilist', 'sooritust', ',', 'meeskonnatööd', 'kui', 'ka', 'suhtlemist', 'ja', 'oskust', 'töötada', 'projektidega', '.']"
text86,"['Diana', 'ütles', ',', 'et', 'ettevõtted', 'võiksid', 'rohkem', 'teha', 'koostööd', '.', 'näiteks', 'klientide', 'koos', 'teenindamine', 'ja', 'selles', 'ühisosa', 'leidmine', 'võiks', 'olla', 'mõlemale', 'poolele', 'kasulik', '.']"
text87,"['äri', 'tehakse', 'inimeste', 'vahel', '.', 'naiste', 'tugevuseks', 'on', 'sotsiaalsed', 'oskused', ',', 'mis', 'tulevad', 'ärimaailmas', 'alati', 'kasuks', '.']"
text88,"['me', 'anname', 'neile', 'planeerimisoskuse', ',', 'grupidünaamikast', 'arusaamise', 'ja', 'veel', 'väga', 'palju', 'teoreetilisi', 'teadmisi', '.']"
text89,"['kolmandaks', 'oskavad', 'nad', 'kollektiivis', 'toime', 'tulla', 'ja', 'on', 'orienteeritud', 'meeskonnatööle', ',', 'et', 'täita', 'ühist', 'eesmärki', '.']"
text90,"['meie', 'noored', 'oskavad', 'üksteisega', 'paremini', 'arvestada', 'ja', 'stressirohketes', 'olukordades', 'toime', 'tulla', 'nii', ',', 'et', 'meeskond', 'jätkab', 'efektiivset', 'tegutsemist', '.']"
text91,"['võttes', 'arvesse', 'logistikasektori', 'ettevõtete', 'sidusust', 'äriprotsesside', 'läbiviimisel', 'tarneahelas', ',', 'samuti', 'paralleelsete', 'tarneahelate', 'olemasolu', ',', 'on', 'koostöö', 'kaudu', 'võimalik', 'luua', 'märgatavat', 'ressursside', 'kokkuhoidu', 'ning', 'tõsta', 'efektiivsust', '.']"
text92,"['varasemate', 'projektide', 'käigus', 'on', 'saavutatud', 'oskused', 'koostööks', 'ning', 'suudetud', 'kaardistada', 'olulisemad', 'ning', 'tulemuslikumad', 'sihtriigid', '.']"
text93,"['ehitame', 'üles', 'koostööd', ',', 'mitte', 'ei', 'võistle', 'omavahel', ',', 'sest', 'Euroopas', 'teatakse', 'meie', 'tootjaid', 'Baltikumi', 'nime', 'all', ',', '“', 'rääkis', 'Grikis', '.']"
text94,"['“', 'parimates', 'meeskondades', 'kuulavad', 'meeskonna', 'liikmed', 'üksteist', 'ning', 'mõistavad', 'teiste', 'tundeid', 'ja', 'vajadusi', '.', '”']"
text95,"['samuti', 'kirjeldatakse', ',', 'et', 'virtuaalne', 'juht', 'peaks', 'olema', 'hea', 'suhtleja', ',', 'algatusvõimeline', ',', 'paindlik', 'ning', 'demonstreerima', 'õppimis-', 'ja', 'muutumisvõimet', '.']"
text96,"['tundsin', ',', 'et', 'pean', 'muutuma', 'paremaks', 'inimestega', 'suhtlemises', ',', 'ja', 'saada', 'sellises', 'koguses', 'kogemust', 'ühe', 'suvega', 'tundus', 'hea', 'plaan', '.']"
text97,"['eestlasele', 'on', 'kontaktide', 'leidmine', 'ja', 'suhtlemine', 'üritustel', 'keeruline', 'ülesanne', ',', 'kuid', 'kõik', 'networkingu', 'põhitõed', 'on', 'õpitavad', '.']"
text98,"['see', 'on', 'oskus', 'olla', 'teadlik', 'end', 'mõjutavatest', 'emotsioonidest', ',', 'võime', 'seda', 'teadmist', 'kasutada', 'arusaadavalt', 'ning', 'mõistlikult', 'nii', 'eneseväljendamisel', 'kui', 'ka', 'suhetes', 'teistega', '.']"
text99,"['nüüd', 'soovitakse', 'selle', 'asemel', 'saada', 'pidevat', 'tagasisidet', 'jutuajamiste', ',', 'mitte', 'nõrkuste', 'analüüsi', 'teel', '.']"
text100,"['paljud', 'ettevõtted', 'on', 'võtnud', 'aluseks', 'coaching', 'conversations’i', 'põhimõtted', ',', 'mis', 'keskenduvad', 'eesmärkidele', 'ja', 'töötajate', 'võimestamisele', '.']"
text101,"['töötaja', 'võib', 'näiteks', 'ise', 'märku', 'anda', ',', 'et', 'praeguses', 'rollis', 'on', 'lagi', 'käes', 'ja', 'vaja', 'oleks', 'karjäärisihid', 'üle', 'vaadata', '.', 'või', 'on', 'tunda', 'süvenevat', 'rahulolematust', ',', 'kuid', 'puudub', 'selgus', ',', 'mida', 'saaks', 'teisiti', 'teha', '.', 'siin', 'saavad', 'abiks', 'olla', 'ka', 'väljastpoolt', 'organisatsiooni', 'kaasatud', 'karjäärinõustajad', 'ja', 'coach’id', '.']"
text102,"['International', 'Coaching', 'Federation', 'toob', 'välja', 'järgmised', 'erinevused', ':', 'kui', 'team', 'building', 'tegeleb', 'põhiliselt', 'suhete', 'arendamisega', 'ja', 'treening', 'uute', 'oskuste', 'omandamisega', ',', 'siis', 'team', 'coaching', 'arendab', 'eesmärkide', 'saavutamise', 'oskusi', 'ja', 'meeskonna', 'jätkusuutlikkust', '.']"
text103,"['mitmekülgne', 'ja', 'ennastjuhtiv', 'töötaja', 'on', 'väärtus', 'igale', 'organisatsioonile', 'ning', 'arengu', 'toetamine', 'oluline', 'osa', 'töötaja', 'karjääriteekonna', 'kujundamisest', '.']"
text104,"['tisleritööd', 'iseloomustab', 'pigem', 'iseseisev', 'tegutsemine', ',', 'mis', 'nõuab', 'oskust', 'oma', 'tegevust', 'kavandada', 'ja', 'suurt', 'enesedistsipliini', '.']"
text105,"['Karin', 'Künnapas', ':', 'julgust', 'asju', 'ette', 'võtta', 'ei', 'tasu', 'alahinnata', '.']"
text106,"['tegemist', 'on', 'inimesega', ',', 'kes', 'on', 'avatud', 'muutustele', 'nii', 'koolis', 'kui', 'ka', 'iseendas', ',', 'alati', 'valmis', 'uuteks', 'väljakutseteks', 'ning', 'leiab', 'võimaluse', 'ka', 'kõige', 'keerulisemate', 'ideede', 'elluviimiseks', '.']"
text107,"['„', 'faktiteadmiste', 'kõrval', 'on', 'üha', 'olulisem', 'õppimise', 'vorm', 'ning', 'oskus', 'erinevates', 'olukordades', 'hakkama', 'saada', ',', '“', 'ütles', 'Laidmets', '.']"
text108,"['72%', 'juhtidest', 'tõi', 'kõige', 'tähtsama', 'tegurina', 'välja', 'oma', 'töötajate', 'kohanemisvõime', ',', 'valmisoleku', 'uusi', 'oskusi', 'omandada', 'ja', 'liikuda', 'uude', 'tööalasesse', 'rolli', '.']"
text109,"['sagedased', 'muutused', 'tööelus', 'tähendavad', 'ka', 'valmisolekut', 'töö', 'käigus', 'pidevalt', 'uusi', 'oskusi', 'ja', 'teadmisi', 'omandada', 'ning', 'arengueesmärke', 'seada', ',', 'et', 'suurendada', 'nn', 'karjääri', 'kohanemisvõimet', '.']"
text110,"['on', 'leitud', ',', 'et', 'kõige', 'enam', 'suurendab', 'töötaja', 'karjääri', 'kohanemisvõimet', 'oskus', 'vastavalt', 'vajadusele', 'kasutada', 'erinevaid', 'enda', 'arendamise', 'viise', '.', 'näiteks', 'kogenumatelt', 'kolleegidelt', 'tagasisidet', 'küsides', ',', 'iseseisvalt', 'infot', 'juurde', 'otsides', ',', 'võimaluste', 'avanedes', 'täiendus-', 'ja', 'ümberõppes', 'osaledes', '.']"
text111,"['Ameerika', 'on', 'oma', 'müügioskustelt', 'Euroopast', 'väga', 'palju', 'ees', '.']"
text112,"['palju', 'on', 'juttu', 'sellest', ',', 'et', 'eestlased', 'pole', 'head', 'müügimehed', 'ning', 'meie', 'müügioskused', 'jätavad', 'pehmelt', 'öeldes', 'soovida']"
text113,"['müügitöö', 'on', 'ühelt', 'poolt', 'töökus', 'ja', 'teiselt', 'poolt', 'oskus', '.']"
text114,"['müümine', 'on', 'oskus', 'ning', 'maailmas', 'on', 'väga', 'vähe', 'ettevõtteid', ',', 'mille', 'kogemustepagas', 'selles', 'valdkonnas', 'on', 'suurem', 'kui', 'Southwesternil', '.']"
text115,"['vaatame', 'seminaril', 'otsa', 'esinemishirmu', 'tekkemehhanismidele', 'ja', 'viisidele', ',', 'kuidas', 'lühikeses', 'ja', 'pikas', 'perspektiivis', 'ärevusega', 'paremini', 'toime', 'tulla', '.']"
text116,"['samuti', 'vaatame', ',', 'milline', 'on', 'hea', 'avalik', 'esinemine', 'ja', 'kuidas', 'oma', 'esinemisoskust', 'parandada', '.']"
text117,"['kui', 'soovid', 'oma', 'avaliku', 'esinemise', 'oskusi', 'parandada', 'ning', 'esinemisärevuse', 'seljatada', ',', 'on', 'seminar', 'sulle', 'heaks', 'sissejuhatuseks', 'teema', 'ettevõtmisel', '.']"
text118,"['töötoas', 'saad', 'teada', ',', 'kuidas', 'tunda', 'ennast', 'networkingu', 'käigus', 'enesekindlana', 'ning', 'leida', 'sobivaid', 'kontakte', '.']"
text119,"['töötoa', 'turvalises', 'keskkonnas', 'õpid', 'looma', 'tugevaid', 'ja', 'väärtuslikke', 'võrgustikke', 'ning', 'lisaks', 'saad', 'teada', ',', 'milliseid', 'vigu', 'networkimisel', 'vältida', '.']"
text120,"['tule', 'arenda', 'ennast', 'ning', 'koos', 'sellega', 'oma', 'ettevõtlust', '-', 'välisturgudele', 'minekul', 'tuleb', 'networkingu', 'oskus', 'ainult', 'kasuks', '.']"
text121,"['kokkulepped', 'paljude', 'piirkonna', 'ettevõtetega', 'parktikabaasideks', 'olemiseks', 'ja', 'arvukad', 'külalisõpetajad', 'erinevatelt', 'elualadelt', 'kinnitavad', 'õpetaja', 'oskust', 'luua', 'toimivaid', 'koostöösuhteid', 'eelkõige', 'õpilaste', 'arengueesmärke', 'silmas', 'pidades', '.']"
text122,"['suurepärane', 'planeerimisoskus', 'ja', 'teiste', 'soovidega', 'arvestamine', 'on', 'teinud', 'temast', 'kõrgelt', 'hinnatud', 'noorte', 'ja', 'haridusasutustega', 'suhtleja', '.']"
text123,"['kuidas', 'püstitada', 'meeskonnaga', 'eesmärke', 'nii', ',', 'et', 'see', 'toetab', 'nende', 'saavutamist', 'sõltumata', 'asukohast', '?']"
text124,"['tähelepanu', 'väärib', 'tema', 'oskus', 'leida', 'rahvusvahelise', 'ambitsiooniga', 'ideedele', 'erinevate', 'projektide', 'kaudu', 'rahastus', '.']"
text125,"['teiseks', 'on', 'mõistlik', 'luua', 'just', 'oma', 'ettevõttele', 'sobiv', 'ajatemplite', 'kasutamise', 'lahendus', ',', 'sest', 'tembeldamine', 'ei', 'ole', 'ühekordne', 'ja', 'see', 'vajadus', 'tekib', 'järgnevate', 'dokumentide', 'suhtes', 'ka', 'tulevikus', '.']"
text126,"['ent', 'tulevikus', 'muutub', 'edukaks', 'saamisel', 'järjest', 'olulisemaks', 'ka', 'kaugemale', 'ja', 'enda', 'kõrvale', 'nägemine', ',', 'tulevikusignaalide', 'tajumine', 'ja', 'sellega', 'arvestamise', 'oskus', ',', '”', 'ütles', 'president', 'Kersti', 'Kaljulaid', '.']"
text127,"['üks', 'külg', 'on', 'kindlasti', 'hanketegevused', '.', 'Eesti', 'ettevõtjad', 'tagavad', 'meile', 'suure', 'osa', 'vajalikust', 'materjalist', ',', 'alates', 'toidust', 'sööklas', 'kuni', 'kasarmute', 'ehituseni', '.']"
text128,"['kõige', 'suurem', 'ja', 'tähtsam', 'osa', 'on', 'koostöö', 'seoses', 'reservväega', ',', 'sest', 'me', 'tahame', 'ettevõtjatelt', 'erinevates', 'olukordades', 'saada', 'inimressurssi', '.']"
text129,"['seda', 'enam', ',', 'et', 'kui', 'peaks', 'tekkima', 'reaalne', 'olukord', ',', 'kus', 'reservvägi', 'tuleb', 'kokku', 'kutsuda', 'üleöö', 'ja', 'teadmata', 'perioodiks', ',', 'siis', 'normaalne', 'elu', 'ning', 'ka', 'äritegevus', 'saavad', 'tugevalt', 'häiritud', ',', 'kuid', 'selle', 'vältimiseks', 'me', 'saame', 'juba', 'praegu', 'plaani', 'pidada', 'ja', 'võimalikke', 'riske', 'maandada', '.']"
text130,"['oluline', 'on', 'tähelepanu', 'pöörata', 'teeninduskultuurile', ',', 'sest', 'mitte', 'alati', 'ei', 'ole', 'Keeleametile', 'laekunud', 'kaebuse', 'peamiseks', 'põhjuseks', 'keeleoskuse', 'puudumine', ',', 'vaid', 'teeninduskultuuri', 'puudumine', '.']"
text131,"['kõik', 'töökollektiivid', ',', 'kuhu', 'asub', 'tööle', 'Ukraina', 'sõjapõgenikke', ',', 'võiksid', 'neid', 'toetada', 'eesti', 'keele', 'õppimisel', '.']"
text132,"['kui', 'aga', 'aja', 'möödudes', 'selgub', ',', 'et', 'sõjapõgenikust', 'töötajal', 'tuleb', 'jääda', 'Eestisse', 'pikemaks', 'ajaks', ',', 'näiteks', 'mitmeks', 'aastaks', ',', 'ootame', 'ka', 'tööandjalt', 'initsiatiivi', ',', 'et', 'tagada', 'et', 'nende', 'töötajate', 'nõutaval', 'tasemel', 'eesti', 'keele', 'oskus', '.']"
text133,"['meeskond', 'fictionfeel', 'on', 'näidanud', 'üles', 'sihikindlust', 'idee', 'arendamisel', 'ja', 'elluviimisel', ',', 'tulnud', 'pühendunud', 'meeskonnana', 'hästi', 'toime', 'alustava', 'ettevõtja', 'väljakutsetega', 'ja', 'kasutanud', 'oskuslikult', 'lisaks', 'starter', 'programmile', 'kogu', 'start-up', 'ökosüsteemi', 'võimalusi', 'idee', 'arendamisel', 'ning', 'teadmiste', 'ja', 'kogemuste', 'omandamisel', '.']"
text134,"['Marje', 'Vaan', 'on', 'Pärnu', 'Vanalinna', 'Põhikooli', 'huvijuht', ',', 'kes', 'innovaatilise', 'ja', 'ettevõtliku', 'õpetajana', 'on', 'ettevõtlusõppe', 'oskuslikult', 'lõiminud', 'erinevate', 'õppeainetega', '.', 'Marje', 'on', 'loonud', 'koolis', 'süsteemi', 'õpilaste', 'ettevõtlikkuse', 'arendamiseks', 'ja', 'ettevõtlusõppe', 'juurutamiseks', '.', 'ta', 'teeb', 'koostööd', 'erinevate', 'partneritega', 'väljapool', 'kooli', 'ning', 'nõustab', 'ja', 'toetab', 'kolleege', 'ettevõtlusõppe', 'lõimimisel', 'ainetundidesse', '.']"
text135,"['modernworkplacelearning.com-i', 'küsitluse', 'järgi', 'on', 'töötajate', 'kõige', 'eelistatumad', 'viisid', 'õppida', 'igapäevase', 'töö', 'käigus', ',', 'kolleegidega', 'kogemuste', 'jagamine', '(', 'peer', 'learning', ')', ',', 'ise', 'veebist', 'teadmisi', 'kogudes', ',', 'aga', 'ka', 'juhi', 'tagasiside', 'ja', 'juhendamine', '.']"
text136,"['metsanduse', 'juhtide', 'ja', 'tippspetsialistide', ',', 'sh', 'ostu-', 'ja', 'müügijuhtide', 'olulisteks', 'erialasteks', 'oskusteks', 'ja', 'teadmisteks', 'on', 'laiaulatuslikud', 'metsabioloogia', 'ja', 'mullastikualased', 'teadmised', ',', 'metsaressursi', 'pikaajalise', 'strateegilise', 'planeerimise', 'oskus', 'ja', 'kontseptuaalne', 'mõtlemisoskus', '.', 'neil', 'on', 'võime', 'käsitleda', 'metsa', 'majandamist', 'ühe', 'osana', 'majandusest', 'ja', 'ettevõtlusest', 'ning', 'näha', 'ja', 'planeerida', 'kaugele', 'ette', ',', 'sest', 'metsanduses', 'ei', 'toimu', 'protsessid', 'ühe', 'inimpõlve', 'jooksul', '.']"
text137,"['metsanduse', 'juhtidel', 'ja', 'tippspetsialistidel', 'jääb', 'praegu', 'enim', 'puudu', 'oskusest', 'näha', 'metsamajandamist', 'ja', 'puidutööstust', 'ühe', 'osana', 'kogu', 'majandusest', 'ja', 'ettevõtlusest', ',', 'probleemilahendamise', 'oskusest', ',', 'ideede', 'genereerimise', 'ning', 'inimeste', 'juhtimise', 'oskusest', '.']"
text138,"['samuti', 'on', 'puudu', 'ruumilise', 'ja', 'strateegilise', 'planeerimise', 'võimekusest', ',', 'kontseptuaalsest', 'mõtlemisoskusest', 'ning', 'finantsnäitajate', 'lugemise', 'oskusest', '.']"
text139,"['nende', 'kasvava', 'tähtsusega', 'üldiseks', 'oskuseks', 'on', 'strateegilise', 'planeerimise', 'oskus', ',', 'kontseptuaalne', 'mõtlemisoskus', ',', 'suhtlemisoskus', 'ja', 'valdkondlike', 'õigusaktide', 'tundmine', 'ning', 'ikt-lahenduste', 'rakendamine', '.']"
text140,"['üldistest', 'oskustest', 'jääb', 'puudu', 'analüütilise', 'mõtlemise', 'võimest', ',', 'algteadmistest', 'ruumilise', 'planeerimise', 'kohta', 'ja', 'kontseptuaalsest', 'mõtlemisoskusest', '.']"
text141,"['puidu-', 'või', 'mööblitööstuse', 'juhtide', 'kasvava', 'tähtsusega', 'erialasteks', 'oskusteks', 'on', 'valdkonnaspetsiifilise', 'ettevõtluse', 'hea', 'tundmine', ',', 'pikaajaline', 'planeerimine', ',', 'tööstuse', 'tootmisprotsessi', 'tundmine', 'ja', 'selle', 'töö', 'korraldamine', 'tootmises', 'algusest', 'lõpuni', '.']"
text142,"['kasvava', 'tähtsusega', 'üldisteks', 'oskusteks', 'on', 'analüüsivõime', ',', 'läbirääkimise', 'ja', 'veenmise', 'oskus', ',', 'sihikindlus', ',', 'eesmärkide', 'seadmine', ',', 'probleemilahendamise', ',', 'meeskonnatöö', 'ja', 'koostööoskus', 'ning', 'oskus', 'tellida', 'ja', 'rakendada', 'valdkonnaspetsiifilisi', 'ikt-lahendusi', '.']"
text143,"['puitkonstruktsioonide', 'projekteerijate', 'kasvava', 'tähtsusega', 'erialasteks', 'oskusteks', 'ja', 'teadmisteks', 'on', 'toodete', ',', 'sh', 'puitmajade', 'projekteerimise', 'eripärade', 'tundmine', ',', 'puitmaterjali', 'eripärade', 'ja', 'materjalitehnoloogia', 'tundmine', ',', 'tööprotsesside', 'tundmine', ',', 'jooniste', 'koostamine', 'ja', 'konstrueerimine', ',', 'jooniste', 'lugemise', 'oskus', 'nii', 'käsitsi', 'kui', 'arvutil', ',', 'CNC', 'töötlemiskeskustele', 'programmide', 'koostamine', ',', 'toodete', 'projekteerimine', ',', 'joonestamise', 'ja', 'projekteerimistarkvaraga', 'töötamine', ',', 'sh', 'targa', 'tellija', 'kompetents', '–', 'milline', 'tarkvara', ',', 'milliseks', 'lahenduseks', 'ja', 'milliste', 'tingimustega', 'sobib', ',', 'millised', 'kulutused', 'on', 'efektiivsed', 'ning', 'millist', 'infot', 'süsteemist', 'koguda', 'tasub', '.']"
text144,"['tootearendajate', 'kasvava', 'tähtsusega', 'erialasteks', 'oskusteks', 'ja', 'teadmisteks', 'on', 'puitmaterjali', 'eripärade', 'ja', 'materjalitehnoloogia', 'tundmine', ',', 'tootmistehnoloogia', 'tundmine', ',', 'joonestamine', 'ja', 'projekteerimine', ',', 'sh', 'CAD-CAM-i', ',', 'mathcad-i', 'ja', '3D', 'projekteerimine', '.']"
text145,"['nende', 'kasvava', 'tähtsusega', 'üldisteks', 'oskusteks', 'ja', 'hoiakuteks', 'on', 'analüüsivõime', ',', 'ruumiline', 'mõtlemine', ',', 'planeerimise', 'oskus', ',', 'finantside', 'lugemisoskus', 'ja', 'eelarvestamine', ',', 'ajajuhtimine', ',', 'suhtlemisoskus', 'ja', 'töötamine', 'inimestega', 'ning', 'kirjutamine', 'ja', 'raporteerimine', '.']"
text146,"['tehnoloogi', ',', 'sh', 'mööblitoodete', 'tehnoloogi', 'kasvava', 'tähtsusega', 'erialasteks', 'oskusteks', 'ja', 'teadmisteks', 'on', 'oma', 'valdkonna', 'toodete', 'tootearenduse', 'tehniliste', 'eripärade', 'tundmine', ',', 'puitmaterjali', 'eripärade', 'ja', 'materjalitehnoloogia', 'tundmine', ',', 'tööprotsesside', 'tundmine', ',', 'jooniste', 'koostamine', 'ja', 'konstrueerimine', ',', 'jooniste', 'lugemise', 'oskus', 'nii', 'käsitsi', 'kui', 'arvutil', 'ning', 'joonestamise', 'ja', 'projekteerimistarkvaraga', 'töötamine', '.']"
text147,"['tehnik-joonestajate', 'kasvava', 'tähtsusega', 'erialasteks', 'oskusteks', 'ja', 'teadmisteks', 'on', 'toodete', ',', 'sh', 'puitmajade', 'projekteerimise', 'eripärade', 'tundmine', ',', 'puitmaterjali', 'eripärade', 'ja', 'materjalitehnoloogia', 'tundmine', ',', 'tööprotsesside', 'tundmine', ',', 'jooniste', 'koostamine', 'ja', 'konstrueerimine', ',', 'jooniste', 'lugemise', 'oskus', '(', 'nii', 'käsitsi', 'kui', 'arvutil', 'joonistatud', ')', 'ning', 'joonestamise', 'ja', 'projekteerimistarkvaraga', 'töötamine', '.']"
text148,"['pehme', 'mööbli', 'valmistajatel', 'on', 'puudu', 'tööstuses', 'uue', 'pehme', 'mööbli', 'või', 'selle', 'osade', 'koostamisega', 'seotud', 'käelistest', 'oskustest', 'ja', 'oma', 'osa', 'mõistmisest', 'tootmise', 'tervikprotsessis', '.']"
text149,"['olulised', 'on', 'teadmised', 'puidukuivatamisest', ',', 'aspiratsioonist', ',', 'arusaamine', 'detailide', 'ja', 'toodete', 'valmistamise', 'ja', 'viimistlemise', 'tsüklist', 'ning', 'mõistmine', ',', 'mida', 'tehti', 'enne', ',', 'kui', 'detail', 'või', 'toode', 'viimistlusse', 'läheb', '.']"
text150,"['vajaka', 'jääb', 'ka', 'materjalide', 'tundmisest', 'ja', 'materjalide', 'säästlikust', 'kasutamisest', ',', 'teadmistest', 'puidukuivatamisest', 'ja', 'aspiratsioonist', ',', 'arusaamisest', 'detailide', 'ja', 'toodete', 'valmistamise', 'ja', 'viimistlemise', 'tsüklist', ',', 'mõistmisest', ',', 'mida', 'tehti', 'enne', ',', 'kui', 'detail', 'või', 'toode', 'viimistlusse', 'läheb', '.']"
text151,"['puitdetailide', 'viimistlejate', 'kasvava', 'tähtsusega', 'erialasteks', 'oskusteks', 'ja', 'teadmisteks', 'on', 'materjalide', 'tundmine', 'ja', 'säästlikult', 'kasutamine', ',', 'puidukuivatamine', ',', 'aspiratsioon', ',', 'arusaamine', 'detailide', 'ja', 'toodete', 'valmistamise', 'ja', 'viimistlemise', 'tsüklist', 'ning', 'detailidele', 'ja', 'toodetele', 'esitatavatest', 'kvaliteedinõuetest', ',', 'mõistmine', ',', 'mida', 'tehti', 'enne', ',', 'kui', 'detail', 'või', 'toode', 'viimistlusse', 'läheb', '.']"
text152,"['puidupingioperaatoritel', 'jääb', 'puudu', 'teadmistest', 'tootmisprotsessidest', 'ja', 'nende', 'juhtimisest', ',', 'materjalide', 'ja', 'toodete', 'tundmisest', ',', 'selle', 'kohta', ',', 'milline', 'puit', 'sobib', 'milliseks', 'tooteks', 'ning', 'kuidas', 'seda', 'kõige', 'efektiivsemalt', 'saada', '.']"
text153,"['puitplaatide', 'tootmise', ',', 'vineeri', 'töötlemisega', 'ja', 'saematerjalide', 'tootmisega', 'seotud', 'liinioperaatoritel', 'jääb', 'puudu', 'teadmistest', 'tootmisprotsessidest', 'ja', 'nende', 'juhtimise', ',', 'materjalide', 'ja', 'toodete', 'tundmisest', ',', 'selle', 'kohta', ',', 'milline', 'puit', 'sobib', 'milliseks', 'tooteks', 'ja', 'kuidas', 'seda', 'kõige', 'efektiivsemalt', 'saada', '.']"
text154,"['lisaks', 'headele', 'metsamajanduslikele', 'teadmistele', 'on', 'olulised', 'teadmised', 'puidu', 'omadustest', ',', 'toodetest', 'ning', 'nende', 'turustamisest', ',', 'aga', 'ka', 'logistika', 'põhimõtete', 'tundmine', 'ja', 'ladude', 'ning', 'teede', 'planeerimise', 'oskus', '.']"
text155,"['müügi-', 'ja', 'ostujuhtidel', 'on', 'eriti', 'tähtsal', 'kohal', 'üldised', 'oskused', 'ja', 'teadmised', '.', 'kasvava', 'tähtsusega', 'üldisteks', 'oskusteks', 'on', 'võõrkeelte', 'valdamine', ',', 'riskide', 'juhtimine', ',', 'logistika', 'põhimõtete', 'tundmine', 'ja', 'strateegiline', 'ladude', 'planeerimise', 'oskus', ',', 'meeskonnatöö', 'oskus', 'ning', 'järjest', 'kasvav', 'valdkonnaspetsiifiliste', 'ikt-lahenduste', 'tellimise', 'ja', 'rakendamise', 'oskus', '.']"
text156,"['üldistest', 'teadmistest', ',', 'oskustest', 'ja', 'hoiakutest', 'jätavad', 'soovida', 'kohuse', 'ja', 'vastutustunne', 'ja', 'erialaste', 'ikt-lahenduste', 'kasutamine', '–', 'programmide', 'kirjutamise', 'oskus', '(', 'programmeerimine', ')', ',', 'teadmised', 'matemaatikast', ',', 'läbirääkimiste', 'oskus', 'ja', 'ettevõtlikkus', '.']"
text157,"['üldistest', 'oskustest', 'ja', 'hoiakutest', 'on', 'kasva', 'tähtsusega', 'ikt-lahenduste', 'kasutamine', 'ja', 'rutiinitaluvus', '.']"
text158,"['kasvavateks', 'üldisteks', 'oskusteks', 'on', 'protsesside', ',', 'ressursside', ',', 'riskide', 'ja', 'inimeste', 'juhtimise', 'oskus', ',', 'läbirääkimise', 'oskus', ',', 'sihikindlus', 'ja', 'eesmärkide', 'seadmine', ',', 'meeskonnatöö', 'oskus', ',', 'keelte', 'valdamine', 'ning', 'oskus', 'tellida', 'ja', 'rakendada', 'valdkonnaspetsiifilisi', 'ikt-lahendusi', '.']"
text159,"['üldistest', 'oskustest', 'ja', 'hoiakutest', 'on', 'puudu', 'teadmistest', 'töö', 'efektiivsemaks', 'muutmise', 'võimalustest', ',', 'materjali', 'efektiivsest', 'kasutamisest', ',', 'planeerimise', 'oskusest', 'ja', 'ajajuhtimisest', ',', 'suhtlemisoskusest', ',', 'meeskonnatöö', 'organiseerimisest', 'ning', 'tööohutusest', 'ja', 'töötervishoidust', 'ning', 'isikukaitsevahendite', 'kasutamisest', '.']"
text160,"['vähesed', 'on', 'oskused', 'puiduvarumise', 'korraldamise', 'ja', 'puidu', 'mahu', 'mõõtmise', 'osas', '.']"
text161,"['nende', 'kasvava', 'tähtsusega', 'üldisteks', 'oskusteks', ',', 'teadmisteks', 'ja', 'hoiakuteks', 'on', 'meeskonnatöö', 'oskus', '.']"
text162,"['kasvava', 'tähtsusega', 'üldisteks', 'oskusteks', ',', 'teadmisteks', 'ja', 'hoiakuteks', 'on', 'meeskonnatöö', 'oskus', '.']"
text163,"['ta', 'töötab', 'meeskonna', 'liikmena', ',', 'jälgib', 'tööprotsessist', 'kinnipidamist', ',', 'tootlikkust', ',', 'hoiab', 'toodangu', 'kvaliteeti', 'ning', 'järgib', 'töö-', 'ja', 'keskkonnaohutuse', 'nõudeid', '.']"
text164,"['puidu-', 'ja', 'mööblitööstuse', 'müügi-', 'ja', 'ostujuhtidel', 'jääb', 'puudu', 'eksportturgude', 'kultuuri', 'tundmisest', 'ja', 'vahetust', 'suhtlemisoskusest', 'välisturgudel', '.', 'täiendamist', 'vajavad', 'valdkonnaspetsiifiliste', 'ikt-lahenduste', 'tellimise', 'ja', 'rakendamise', 'oskus', 'ning', 'selge', 'ja', 'korrektne', 'eesti', 'keel', '.']"
text165,"['puidu-', 'ja', 'mööblitööstuse', 'juhtidel', 'jääb', 'puudu', 'ettevõtlust', 'ja', 'juhtimist', 'puudutavatest', 'oskustest', ',', 'probleemilahendamise', 'oskusest', ',', 'finantsnäitajate', 'lugemise', 'oskusest', 'ja', 'ideede', 'genereerimise', 'võimest', 'koos', 'elluviimise', 'oskusega', '.']"
text166,"['forvarderioperaatori', 'kasvava', 'tähtsusega', 'erialasteks', 'oskusteks', 'on', 'oskus', 'forvarderiga', 'ergonoomiliselt', 'sõita', 'ja', 'töötada', 'hüdrotõstukiga', ',', 'hinnata', 'laaditud', 'ja', 'ladustatud', 'puidu', 'kogust', 'ning', 'tunda', 'puidurikkeid', ',', 'vedada', 'bioenergeetika', 'toorainet', ',', 'mis', 'on', 'veidi', 'erinev', 'tavapärasest', 'ümarpuidu', 'kokkuveost', ',', 'hooldada', 'masinat', 'igapäevaselt', 'ning', 'sooritada', 'töövõtteid', 'ohutult', 'ja', 'turvaliselt', '.']"
text167,"['forvarderioperaatoritel', 'jääb', 'puudu', 'elektriskeemi', 'lugemise', 'oskustest', 'juhtmekatkestuste', 'välja', 'selgitamiseks', ',', 'sortimentide', 'ja', 'puidurikete', 'tundmisest', ',', 'koormasse', 'laaditud', 'puidu', 'mahu', 'hindamise', 'ja', 'virnatäiuse', 'koefitsiendi', 'määramise', 'oskusest', 'ning', 'väiksemate', 'remonttööde', 'tegemiseks', 'masina', 'mehhaanika', 'tundmisest', ',', 'aga', 'ka', 'efektiivsete', 'ja', 'ergonoomiliste', 'töövõtete', 'ning', 'ikt-lahenduste', 'rakendamisest', '(', 'vanema', 'põlvkonna', 'töötajatel', ')', '.']"
text168,"['puudu', 'jääb', 'koormasse', 'laaditud', 'puidu', 'mahu', 'hindamise', 'ja', 'virnatäiuse', 'koefitsiendi', 'määramise', 'oskusest', ',', 'puidurikete', 'tundmisest', ',', 'ikt-lahenduste', '(', 'nutikad', 'pardaarvutid', ',', 'e-veoselehed', ',', 'navigeerimine', 'ehk', 'oskus', 'sõita', 'koordinaatide', 'järgi', ')', 'ning', 'efektiivsete', 'ja', 'ergonoomiliste', 'töövõtete', 'rakendamisest', '.']"
text169,"['arboristi', 'kasvava', 'tähtsusega', 'erialasteks', 'oskusteks', 'ja', 'teadmisteks', 'on', 'tööohutus', 'ja', '-', 'turvalisus', ',', 'ökoloogia', 'ja', 'diagnostika', ',', 'töötamine', 'tõstukitelt', 'ja', 'tööplatvormidelt', ',', 'võsa-', 'ja', 'kettsaega', 'töötamine', 'ja', 'saele', 'esmase', 'hoolduse', 'tegemine', '.', 'suureneb', 'nutiseadmete', 'ja', 'ikt-lahenduste', 'kasutamine', '.']"
text170,"['suureneb', 'nutiseadmete', 'ja', 'ikt-lahenduste', 'kasutamine', '.']"
text171,"['harvesterioperaatoritel', 'jääb', 'puudu', 'elektriskeemi', 'lugemise', 'oskustest', 'juhtmekatkestuste', 'välja', 'selgitamiseks', ',', 'sortimentide', 'ja', 'puidurikete', 'tundmisest', ',', 'kalibreerimise', 'ja', 'järkamisfaili', 'koostamise', 'oskusest', ',', 'väiksemate', 'remonttööde', 'tegemiseks', 'masina', 'mehhaanika', 'tundmisest', 'ja', 'rikete', 'tuvastamise', 'oskusest', ',', 'ikt-lahenduste', '(', 'eriti', 'vanema', 'põlvkonna', 'töötajatel', ')', 'ning', 'efektiivsete', 'ja', 'ergonoomiliste', 'töövõtete', 'rakendamisest', '.']"
text172,"['metsaveo', 'ja', 'puiduhakkuri', 'veokijuhtide', 'kasvava', 'tähtsusega', 'oskusteks', 'on', 'hüdrotõstukiga', 'töötamine', ',', 'oskus', 'tagurdada', 'kitsal', 'metsateel', ',', 'puidu', 'sortimentide', 'ja', 'puidurikete', 'tundmine', ',', 'ikt-lahenduste', 'rakendamine', '(', 'nutikad', 'pardaarvutid', ',', 'e-veoselehed', ',', 'navigeerimine', 'ehk', 'sõitmine', 'koordinaatide', 'järgi', ')', 'ja', 'võime', 'sooritada', 'töövõtteid', 'ohutult', ',', 'turvaliselt', 'ning', 'ergonoomiliselt', '.']"
text173,"['olulised', 'on', 'teadmised', 'tugevusarvutustest', 'ja', 'matemaatikast', ',', 'mehhanismidest', ',', 'tööstustehnoloogiast', ',', 'erialastest', 'ikt-lahendustest', '—', 'raalprojekteerimise', 'ja', 'muu', 'tarkvara', ',', 'sh', 'majandustarkvara', 'kasutamise', 'oskus', ',', 'CNC', 'töötlemiskeskustele', 'programmide', 'koostamine', 'ja', 'targa', 'tellija', 'kompetents', 'ehk', 'teadmised', 'selle', 'kohta', ',', 'milline', 'tarkvara', ',', 'milliseks', 'lahenduseks', 'ja', 'milliste', 'tingimustega', 'sobib', ',', 'samuti', 'millised', 'kulutused', 'on', 'efektiivsed', 'ning', 'millist', 'infot', 'süsteemist', 'koguda', 'tasub', '.']"
text174,"['puudu', 'jääb', 'jooniste', 'koostamise', 'ja', 'konstrueerimise', 'ning', 'joonestamise', 'ja', 'projekteerimistarkvaraga', 'töötamise', 'oskusest', '.']"
text175,"['tootmisseadmete', 'tehnikute', 'kasvava', 'tähtsusega', 'erialasteks', 'oskusteks', 'ja', 'teadmisteks', 'on', 'tootmismasinate', ',', '-', 'protsesside', ',', '-', 'automaatika', ',', '-', 'süsteemide', ',', '-', 'liinide', 'ja', 'robotite', 'seadistamine', ',', 'töös', 'hoidmine', ',', 'hooldamine', 'ja', 'programmeerimine', ',', 'lõikeriistade', 'teritustehnoloogiate', 'tundmine', ',', 'elektrivoolu', 'jooniste', 'lugemise', 'oskus', ',', 'erialaste', 'ikt-lahenduste', 'kasutamine', ',', 'sh', 'programmide', 'ja', 'masinatega', 'seotud', 'patenditud', 'seadmete', 'kasutamise', 'reeglite', 'tundmine', '.']"
text176,"['raietöölise', 'kasvava', 'tähtsusega', 'erialasteks', 'oskusteks', 'on', 'võsa-', 'ja', 'kettsae', 'kasutamine', 'ning', 'hooldamine', ',', 'tööohutus', 'ja', '-', 'turvalisus', ',', 'sh', 'töö-', 'ja', 'turvavahendite', 'kasutamine', 'ning', 'ergonoomiliste', 'töövõtete', 'kasutamine', '.']"
text177,"['harvesterioperaatori', 'kasvava', 'tähtsusega', 'erialasteks', 'oskusteks', 'on', 'võime', 'iseseisvalt', 'valida', 'langetatavad', 'puud', ',', 'oskus', 'harvesteriga', 'ergonoomiliselt', 'sõita', ',', 'kalibreerida', 'harvesteri', 'mõõtmissüsteeme', ',', 'tunda', 'puidurikkeid', ',', 'ohjata', 'tarka', 'masinat', ',', 'teha', 'masina', 'igapäevast', 'hooldust', ',', 'kasutada', 'võsagiljotiini', '(', 'bioenergeetika', 'seade', ')', 'ning', 'sooritada', 'töövõtteid', 'ohutult', 'ja', 'turvaliselt', '.']"
text178,"['tootmisseadmete', 'tehnikutel', 'jääb', 'puudu', 'tootmismasinate', 'ja', '-', 'liinide', 'seadistamise', ',', 'töös', 'hoidmise', ',', 'hoolduse', 'ja', 'programmeerimise', 'oskusest', 'ning', 'tööohutuse', 'ja', 'töötervishoiu', 'ning', 'isikukaitsevahendite', 'kasutamise', 'reeglite', 'järgimisest', '.']"
text179,"['tislerite', 'kasvava', 'tähtsusega', 'erialasteks', 'oskusteks', 'ja', 'teadmisteks', 'on', 'jooniste', 'ja', 'tehnoloogiakaardi', 'lugemise', 'ning', 'koostamise', 'oskus', ',', 'detailidele', 'ja', 'toodetele', 'esitatavate', 'kvaliteedinõuete', 'tundmine', 'ning', 'materjalide', 'tundmine', '.']"
text180,"['tisleritel', 'on', 'puudu', 'jooniste', 'ja', 'tehnoloogiakaardi', 'lugemise', 'ning', 'koostamise', 'oskusest', 'ja', 'teadmistest', 'detailidele', 'ja', 'toodetele', 'esitatavatest', 'kvaliteedinõuetest', '.']"
text181,"['metsaveo', 'ja', 'puiduhakkuri', 'veokijuhtidel', 'on', 'probleemiks', 'kitsal', 'metsateel', 'tagurdamine', 'ja', 'väiksemate', 'remonttööde', 'tegemine', '.']"
text182,"['puitkonstruktsioonide', 'püstitajate', 'kasvava', 'tähtsusega', 'erialasteks', 'oskusteks', 'ja', 'teadmisteks', 'on', 'projektdokumentatsiooni', 'lugemise', 'oskus', ',', 'elementide', 'õigesse', 'konstruktsiooni', 'lõikamise', 'oskus', 'CNC', 'töötlemiskeskusel', 'ning', 'tööriistade-seadmete', 'kasutamise', ',', 'hooldamise', 'ja', 'remontimise', 'oskus', '.']"
text183,"['puitmaja', '(', 'sh', 'käsitöö', 'palkmaja', ')', 'ehitaja', 'või', 'tootja', 'kasvava', 'tähtsusega', 'erialasteks', 'oskusteks', 'ja', 'teadmisteks', 'on', 'mootorsae', '(', 'kettsaag', ')', 'kasutamise', 'oskus', '(', 'käsitsi', 'tootjal', ')', ',', 'projektdokumentatsiooni', 'lugemise', 'oskus', 'ning', 'tööriistade-seadmete', 'kasutamise', ',', 'hooldamise', 'ja', 'remontimise', 'oskus', '.']"
text184,"['liinioperaatorite', 'kasvava', 'tähtsusega', 'erialasteks', 'oskusteks', 'ja', 'teadmisteks', 'on', 'masinate', 'ja', 'liinide', 'tööpõhimõtete', 'ning', 'tehnoloogiate', 'tundmine', ',', 'programmide', 'kasutamine', ',', 'tootmisliinide', 'tootlikkuse', 'tõhustamine', ',', 'puitmaterjali', 'tundmine', '.']"
text185,"['puudu', 'jääb', 'puu', 'bioloogiaga', 'arvestamisest', 'puude', 'hooldusel', ',', 'teadmistest', 'lõikuse', 'spetsiifilistest', 'viisidest', ',', 'suurte', 'puude', 'ümberistutamisest', ',', 'puude', 'sanitaarse', 'seisundi', 'määramisest', '(', 'mädanike', 'ja', 'nende', 'leviku', 'ulatuse', 'määramine', 'tomograafiga', ')', 'kahjurputukate', 'tundmisest', '.']"
text186,"['puidupingioperaatori', 'kasvava', 'tähtsusega', 'erialasteks', 'oskusteks', 'ja', 'teadmisteks', 'on', 'puidutöötlemispinkide', 'ja', '-', 'seadmete', 'ehituse', 'ning', 'tööpõhimõtete', 'tundmine', '(', 'sh', 'CNC', 'töötlemiskeskused', ')', ',', 'detailide', 'lõiketöötlemise', 'režiimide', 'ning', 'kasutatavate', 'puit-', 'ja', 'puidupõhiste', 'materjalide', 'ning', 'toodete', 'omaduste', 'ja', 'kvaliteedi', 'tundmine', ',', 'tööjoonisete', 'lugemise', 'ja', 'materjalide', 'ökonoomse', 'kasutamise', 'oskus', '.']"
text187,"['raietöölistel', 'jääb', 'puudu', 'noore', 'metsa', 'kasvamise', 'ja', 'kasvatamise', 'teadmistest', ',', 'ergonoomiliste', 'töövõtete', 'kasutamisest', 'võsasaega', 'töötamisel', 'ja', 'töö', 'kvaliteedi', 'hindamise', 'oskusest', '.']"
text188,"['üheks', 'peamiseks', 'arendamist', 'vajavaks', 'oskuseks', 'on', 'efektiivsete', 'ja', 'ergonoomiliste', 'töövõtete', 'rakendamine', '.']"
text189,"['kasvavaks', 'oskuseks', 'on', 'ka', 'efektiivsete', 'ja', 'ergonoomiliste', 'töövõtete', 'omamise', 'oskus', '.']"
text190,"['ka', 'siin', 'on', 'peamiseks', 'kasvavaks', 'oskuseks', 'efektiivsete', 'ja', 'ergonoomiliste', 'töövõtete', 'omamise', 'oskus', '.']"
text191,"['kuigi', 'vaja', 'läheb', 'lihtsamate', 'remonttööde', 'tegemise', 'oskust', ',', 'on', 'masinate', 'remontimine', 'tulevikus', 'tõenäoliselt', 'eraldi', 'amet', ',', 'mis', 'tähendab', ',', 'et', 'masinaoperaatoritel', 'selle', 'oskuse', 'järele', 'vajadus', 'väheneb', '.']"
text192,"['kuigi', 'vaja', 'läheb', 'lihtsamate', 'remonttööde', 'tegemise', 'oskust', ',', 'on', 'masinate', 'remontimine', 'eraldi', 'amet', ',', 'mis', 'tähendab', ',', 'et', 'autojuhid', 'ei', 'pea', 'sellega', 'ise', 'nii', 'palju', 'tegelema', '.']"
text193,"['samas', 'kasvab', 'vajadus', 'osata', 'harvesteri', 'rikkeid', 'tuvastada', '.']"
text194,"['samas', 'kasvab', 'vajadus', 'osata', 'forvarderi', 'rikkeid', 'tuvastada', '.']"
text195,"['üldistest', 'teadmistest', ',', 'oskustest', 'ja', 'hoiakutest', 'on', 'jätkuvalt', 'olulised', 'teadmised', 'matemaatikast', 'ning', 'kohuse-', 'ja', 'vastutustunne', '.']"
text196,"['võsalõikaja', '.', 'tööülesanded', '-', 'võsalõikus', 'teeservadest', 'ja', 'muudelt', 'aladelt', ';', '-', 'hekkide', 'pügamine', ';', '-', 'ohtlike', 'puude', 'langetamine', 'ja', 'koristus', ';', '-', 'okste', 'purustamine', 'oksapurustajaga', 'ja', '/', 'või', 'äravedu', ';', '-', 'vajadusel', 'muud', 'haljastustööd']"
text197,"['nõuded', 'kandidaadile', 'Haridustase', 'põhiharidus', 'Keeleoskus', 'keel', 'kõnes', 'kirjas', 'eesti', 'keel', '-', 'nõutud', 'B1', '-', 'keskmine', 'A2', '–', 'vähene', 'juhiload', 'B', 'Arvutioskus', 'algtase', 'muud', 'nõuded', '-', 'soov', 'ja', 'valmisolek', 'töötada', 'välitingimustes', 'erinevate', 'ilmastikuolude', 'korral', '(', 'välja', 'arvata', 'laussadu', ',', 'torm', ',', 'muud', 'ekstreemsused', ')', ';', '-', 'hea', 'tervis', 'ja', 'vastupidavus', 'füüsilisel', 'tööl']"
text198,"['kasutab', 'oma', 'töös', 'inglise', 'keelt', 'A1', 'tasemel', ',', 'lisa', '2', '–', 'keelte', 'oskustasemete', 'kirjeldused', '.']"
text199,"['mõistab', 'töövahendite', 'ja', 'masinate', 'juhistes', 'kasutatavaid', 'tähistusi', '.', 'mõistab', 'seadme', 'juhtpaneeli', 'nuppude', ',', 'lülitite', 'ja', 'märgutulede', 'funktsioone', '.', '1', ')', 'teeb', 'seadmetele', 'ja', '/', 'või', 'töövahenditele', 'kasutamiseelse', 'kontrolli', '.', '2', ')', 'käivitab', 'tööseadmed', 'vastavalt', 'kasutusjuhendis', 'toodud', 'järjekorrale', '.', '3', ')', 'valib', 'tööks', 'sobiva', 'juhtprogrammi', '.', 'lülitab', 'välja', 'seadmed', 'ja', 'abiseadmed', 'vastavalt', 'kasutusjuhendis', 'toodud', 'järjekorrale', ',', 'mõistes', 'lülitusjärjekorra', 'kriitilisust', '.', '1', ')', 'määrab', 'telgede', 'referentspunktid', '.', '2', ')', 'lähtestab', 'teljed', '(', 'nullistamine', ')', '.', '3', ')', 'mõistab', 'jõuallika', 'ja', 'abiseadmete', 'funktsioone', 'ja', 'tööpõhimõtteid', '.', 'mõistab', 'seadme', 'arvjuhitavate', 'telgede', 'tähistusi', 'ja', 'nende', 'liikumist', '.', '4', ')', 'jälgib', 'seadme', 'tööprotsessi', 'ja', 'vajadusel', 'peatab', 'programmi', ',', 'et', 'korrigeerida', 'masinas', 'parameetreid', 'ja', '/', 'või', 'materjali', 'paigutust', '.', '1', ')', 'vajadusel', 'korrigeerib', 'lõikeparameetreid', ',', 'mõistes', 'erinevate', 'lõikeparameetrite', 'mõju', 'lõiketulemusele', '.', '2', ')', 'vajadusel', 'muudab', 'võimaluste', 'piires', 'kompensatsiooni', 'väärtusi', ',', 'saades', 'aru', 'kompensatsiooni', 'mõjust', 'detaili', 'mõõtmetele', '.', '3', ')', 'peale', 'lõikeprogrammi', 'lõppemist', 'eemaldab', 'detailid', 'ja', 'jäägid', 'töölaualt', '.', 'mõõdab', 'mõõtevahendite', 'abil', 'paindenurkade', 'ja', 'paindeservade', 'väärtusi', 'ning', 'vajadusel', 'korrigeerib', 'neid', ',', 'mõistes', 'materjalide', 'tagasivetrumise', 'olemust', 'ja', 'korrektsioonide', 'mõju', 'painutuspingi', 'telgede', 'liikumisele', '.']"
text200,"['kasutab', 'oma', 'igapäevatöös', 'arvutit', 'infotöötluse', 'ja', 'kommunikatsiooni', 'osas', 'algtasemel', 'kasutaja', 'tasemel', ',', 'lisa', '1', '–', 'digipädevuste', 'enesehindamise', 'skaala', '.']"
text201,"['kasutab', 'ettevõtte', 'infohalduse', 'tarkvara', '.']"
text202,"['kontrollib', 'töö-', 'ja', 'mõõteriistade', 'ning', 'isikukaitsevahendite', 'korrasolekut', '.', '1', ')', 'valib', 'tööülesandele', 'vastava', 'juhtprogrammi', ',', 'mõistes', 'juhtprogrammi', 'koostamisel', 'kasutatud', 'masinkoodi', 'struktuuri', '.', '2', ')', 'hindab', 'juhtprogrammis', 'kasutatud', 'paigutusest', '(', 'nesting', ')', 'lähtuvat', 'detailide', 'ja', 'laserpea', 'kokkupõrke', 'ohtu', '.', '3', ')', 'paigaldab', 'materjalilehe', 'seadmesse', 'manuaalselt', ',', 'abiseadmete', 'või', 'seadmega', 'ühendatud', 'automaatse', 'laadimisseadme', 'abil', 'materjali', 'kahjustamata', '.', '4', ')', 'paigaldab', 'juhtprogrammis', 'ettenähtud', 'läätse', 'ja', 'düüsi', ',', 'kontrollib', 'ja', 'vajadusel', 'korrigeerib', 'laserkiire', 'tsentreeringut', ',', 'mõistes', 'laseri', 'lõikepea', 'seadistuse', 'mõju', 'lõiketulemustele', '.', '5', ')', 'kalibreerib', 'z-telje', ',', 'käivitades', 'vastava', 'kalibreerimisprogrammi', ',', 'mõistes', 'jälgimisanduri', 'tööpõhimõtet', '.', '1', ')', 'valib', 'tööülesandele', 'vastava', 'juhtprogrammi', ',', 'mõistes', 'juhtprogrammi', 'koostamisel', 'kasutatud', 'masinkoodi', 'struktuuri', '.', '2', ')', 'hindab', 'juhtprogrammis', 'kasutatud', 'paigutusest', '(', 'nesting', ')', 'lähtuvat', 'detailide', 'ja', 'laserpea', 'kokkupõrke', 'ohtu', '.', '3', ')', 'paigaldab', 'materjalilehe', 'seadmesse', 'manuaalselt', ',', 'abiseadmete', 'või', 'seadmega', 'ühendatud', 'automaatse', 'laadimisseadme', 'abil', 'materjali', 'kahjustamata', '.', '4', ')', 'paigaldab', 'juhtprogrammis', 'ettenähtud', 'läätse', 'ja', 'düüsi', ',', 'kontrollib', 'ja', 'vajadusel', 'korrigeerib', 'laserkiire', 'tsentreeringut', ',', 'mõistes', 'laseri', 'lõikepea', 'seadistuse', 'mõju', 'lõiketulemustele', '.', '5', ')', 'kalibreerib', 'z-telje', ',', 'käivitades', 'vastava', 'kalibreerimisprogrammi', ',', 'mõistes', 'jälgimisanduri', 'tööpõhimõtet', '.', '1', ')', 'koostab', 'juhtpaneelil', 'tööülesandele', 'vastava', 'juhtprogrammi', ',', 'kasutades', 'painutusteooria', 'alusteadmiseid', '(', 'painutusmeetodid', ',', 'painutusjärjekord', ',', 'tööriistade', 'määramise', 'põhimõtted', 'vastavalt', 'materjalidele', ')', ',', 'peab', 'kinni', 'tööriistade', 'tonnaaži', 'piirangutest', '.', '2', ')', 'tuvastab', '(', 'teeb', 'kindlaks', ')', 'korrektse', 'pinnalaotuse', 'mõõtmed', ',', 'mõistes', 'painde', 'mahaarvamisväärtuste', '(', 'bend', 'deduction', ')', 'mõju', 'detaili', 'mõõtmetele', '.', '3', ')', 'paigaldab', 'ja', 'tsentreerib', 'juhtprogrammis', 'määratud', 'painutustööriistad', ',', 'mõistes', 'painutustööriistade', 'ja', 'nende', 'kinnitussüsteemide', 'ohutu', 'käsitlemise', 'aluseid', '.', '4', ')', 'seadistab', 'seadme', 'valguskaitse', ',', 'mõistes', 'valguskaitse', 'kasutamise', 'olulisust', 'ja', 'toimimise', 'põhimõtet', '.']"
text203,"['1', ')', 'mõistab', 'ohutusseadmete', 'tööpõhimõtteid', '.', '2', ')', 'seadmetel', 'ja', '/', 'või', 'töövahenditel', 'puuduste', 'esinemisel', 'teavitab', 'viivitamatult', 'vastutavat', 'isikut', '.']"
text204,"['saab', 'aru', 'ettevõtte', 'rollist', 'tööstuses', '.']"
text205,"['1', ')', 'peab', 'kinni', 'tähtaegadest', 'ja', 'kokkulepetest', '.', '2', ')', 'kasutab', 'aega', 'efektiivselt', '.']"
text206,"['kasutab', 'võimalusi', 'enesetäiendamiseks', '.']"
text207,"['osaleb', 'aktiivselt', 'parendusettepanekute', 'tegemisel', '.']"
text208,"['on', 'teadlik', 'oma', 'tegevuse', 'tagajärgedest', '.']"
text209,"['teeb', 'koostööd', 'kaastöötajatega', '.', 'annab', 'oma', 'panuse', 'ühise', 'tulemuse', 'saavutamiseks', '.']"
text210,"['annab', 'konstruktiivset', 'tagasisidet', 'protsessi', 'suutlikkuse', 'kohta', '.']"
text211,"['järgib', 'kõikides', 'tööprotsessi', 'etappides', 'ettevõttes', 'kehtestatud', 'ohutusnõudeid', '(', 'tuletööde', 'eeskirjad', ',', 'tõsteseadmete', 'kasutus-', 'ja', 'ohutusnõuded', 'ning', 'käsitsi', 'raskuste', 'teisaldamisel', 'kehtestatud', 'nõuded', ')', '.', 'järgib', 'kõikides', 'tööprotsessi', 'etappides', 'tööohutuse', 'nõudeid', '.', 'järgib', 'kõikides', 'tööprotsessi', 'etappides', 'keskkonnahoiu', 'nõudeid', '.', 'järgib', 'kõikides', 'tööprotsessi', 'etappides', 'keskkonnahoiu', 'nõudeid', '.']"
text212,"['dokumenteerib', 'tehtud', 'kontroll-', 'ja', 'hooldustoimingud']"
text213,"['orienteerub', 'tehnilistes', 'joonistes', '.']"
text214,"['kontrollib', 'detaili', 'joonisele', 'vastavust', 'mõõtevahendite', 'abil', '.', '(', 'detaili', 'joonisele', 'mittevastavuse', 'korral', 'tegutseb', 'vastavalt', 'ettevõttes', 'kehtestatud', 'reeglitele', '.', ')']"
text215,"['hindab', 'visuaalselt', 'materjali', 'kvaliteeti', ',', 'vältides', 'defektse', 'või', 'kahjustatud', 'materjali', 'kasutamist', '.']"
text216,"['valib', 'tööülesandele', 'vastava', 'materjali', '.', 'mõistab', 'materjali', 'standardites', 'kasutatavaid', 'tähistusi', '.']"
text217,"['ladustab', 'tooteid', ',', 'töövahendeid', 'vm', 'esemeid', 'manuaalselt', '.']"
text218,"['valmistab', 'ette', 'tööprotsessist', 'lähtuva', 'ohutu', 'töökoha', '.']"
text219,"['cnc', 'tootmissüsteemid']"
text220,['kiirprototüüpimise']
text221,['tööstusdisaini']
text222,"['alamsüsteemide', 'käitlemine']"
text223,"['intellektuaalse', 'omandi', 'õigus']"
text224,['tööjuhiseid']
text225,['ohutusnõuded']
text226,"['hangib', 'infotehnoloogilisi', 'vahendeid']"
text227,"['cad', 'programm']"
text228,"['computer', 'aided', 'engineering']"
text229,['ruumikujutlusvõimet']
text230,['mõtlemisoskust']
text231,"['loogilist', 'analüütilist', 'mõtlemist']"
text232,['alusteadmised']
text233,['vormistada']
text234,"['tehniliste', 'jooniste', 'vormistamise']"
text235,"['paigaldab', 'alamsüsteeme']"
text236,['paigaldamine']
text237,['iseseisvalt']
text238,['meeskonnatöös']
text239,"['hankida', 'teavet']"
text240,"['kavandab', 'karjääri']"
text241,"['tehniliste', 'jooniste', 'koostamise']"
text242,['koostejoonised']
text243,['algatusvõime']
text244,['andmebaas']
text245,['äriplaan']
text246,['automatiseerimine']
text247,['elekter']
text248,['elektriskeem']
text249,['elektromehaanika']
text250,['jootemeetodid']
text251,['metallitöötlemispingid']
text252,['poltühendus']
text253,['kütteautomaatika']
text254,['liikumisandur']
text255,['hooneautomaatika']
text256,"['fotoelektriline', 'andur']"
text257,['vastuvool']
text258,['transistorid']
text259,"['eesti', 'keel']"
text260,['ehitus']
text261,['eneseväljendusoskus']
text262,['hooldus']
text263,['juhendamine']
text264,['keevitamine']
text265,['lukksepatööd']
text266,['matemaatika']
text267,['mõõtmine']
text268,['mõõteriistad']
text269,['mõõtkavad']
text270,['elektronmõõteriistad']
text271,['digitaalmõõteriistad']
text272,"['probleemsituatsiooni', 'lahendamine']"
text273,"['sellesse', 'gruppi', 'kuuluvad', 'valdkondlikes', 'ettevõtetes', 'töötavad', 'müügi-,', 'turundus-,', 'kvaliteedi-,', 'toote-,', 'tarneala-,', 'tootmis-,', 'tsehhi-', 'ja', 'tehnikajuhid', '.', 'juhiks', 'saamise', 'eelduseks', 'on', 'ekspertide', 'hinnangul', 'ennekõike', 'sobivad', 'isikuomadused', ',', 'piisav', 'töökogemus', 'ja', 'erialane', '(', 'soovitatavalt', 'tehnikaalane', ')', 'haridus', '.', 'juhtival', 'positsioonil', 'edukaks', 'toimetulekuks', 'on', 'lisaks', 'erialasele', 'kompetentsile', 'tarvis', 'ka', 'soovi', 'ja', 'oskust', 'inimesi', 'juhtida', '.', 'MMT', 'juhtide', 'olulisteks', 'oskusteks', 'ja', 'teadmisteks', 'on', 'laiapõhjalised', 'tehnikaalased', 'teadmised', ',', 'analüüsioskus', ',', 'strateegilise', 'planeerimise', 'oskus', ',', 'protsesside', 'juhtimise', 'oskus', ',', 'koostöövõime', '(', 'sh', 'oskus', 'mõista', 'klientide', 'ja', 'koostööpartnerite', 'vajadusi', ')', ',', 'argumenteerimisoskus', ',', 'keelteoskus', 'ja', 'kontseptuaalne', 'mõtlemisoskus', '.']"
text274,"['oluliseks', 'peeti', 'üleminekut', 'varem', 'tööstuses', 'levinud', 'pigem', 'autoritaarselt', 'juhtimisstiililt', 'nn', 'kaasavale', 'juhtimisstiilile', 'ning', 'uute', 'müügistrateegiate', 'rakendamise', 'oskust', '.']"
text275,"['MMT', 'juhtidel', 'jääb', 'ekspertide', 'hinnangul', 'enim', 'puudu', 'oskusest', 'protsesse', ',', 'ressursse', 'ja', 'inimesi', 'juhtida', '.']"
text276,"['kuna', 'üha', 'suurem', 'osa', 'tootmisest', 'on', 'projektipõhine', ',', 'kus', 'töötajad', 'kuuluvad', 'sageli', 'erinevatesse', 'projektimeeskondadesse', 'või', 'vahetuvad', 'meeskonnaliikmed', 'tihti', ',', 'siis', 'on', 'järjest', 'vajalikum', 'suhtlemisoskus', ',', 'meeskonna', 'juhtimise', 'oskus', ',', 'strateegiline', 'mõtlemine', 'ja', 'keelteoskus', '.']"
text277,"['seoses', 'kasvava', 'projektipõhise', 'tootmise', 'mahuga', 'on', 'ka', 'oskustöötajatel', 'suurenev', 'vajadus', 'osata', 'olla', 'meeskonnajuht', 'ja', 'uute', 'töötajate', 'juhendaja', '.']"
text278,"['projektipõhise', 'tootmise', 'mahu', 'kasv', 'eeldab', 'ka', 'oskustöötajatelt', 'oskust', 'olla', 'meeskonnajuht', 'ja', 'uute', 'töötajate', 'juhendaja', '.']"
text279,"['projektipõhise', 'tootmise', 'mahu', 'kasv', 'eeldab', 'ka', 'oskustöötajatelt', 'valmisolekut', 'olla', 'meeskonnajuht', 'ja', 'uute', 'töötajate', 'juhendaja', '.']"
text280,"['samuti', 'rõhutati', 'dokumentide', 'koostamise', 'oskust', 'seoses', 'vajadusega', 'koostada', 'nt', 'tootmisjuhendeid', 'ja', 'kvaliteedistandardite', 'lugemise', 'ja', 'mõistmise', 'oskust', '.']"
text281,"['hetkel', 'puuduolevate', 'ja', 'arendamist', 'vajavate', 'oskustena', 'toodi', 'inseneride', 'puhul', 'esile', 'oskust', 'hinnata', 'oma', 'tööd', 'ettevõtja', 'ja', 'juhi', 'perspektiivist', ',', 'mõista', 'tootmisprotsesse', ',', 'oskust', 'nendega', 'oma', 'töös', 'arvestada', 'ja', 'strateegiliselt', 'mõelda', '.']"
text282,"['meistritelt', 'ja', 'töödejuhatajatelt', 'oodatakse', 'erialaste', 'ikt-lahenduste', 'tundmist', 'ja', 'rakendamist', 'ning', 'esmatasandi', 'juhtidena', 'ka', 'oskust', 'personali', 'planeerida', 'ja', 'mõista', 'tootmiskulusid', 'ja', 'nende', 'juhtimist', '.']"
text283,"['ettevõtjate', 'hinnangul', 'vajavad', 'selle', 'põhikutseala', 'puhul', 'täiendamist', 'näiteks', 'personali', 'planeerimise', ',', 'tootmiskulude', 'mõistmise', 'ja', 'juhtimisega', 'seotud', 'teadmised', '.']"
text284,"['järjest', 'enam', 'nõutakse', 'keevitajatelt', 'n-ö', 'tervikpildi', 'nägemise', 'oskust', 'ja', 'oskust', 'teha', 'kõrgema', 'kvaliteediga', 'keevisõmblusi', '.']"
text285,"['järjest', 'enam', 'nõutakse', 'tooteid', 'koostavatel', 'töötajatel', 'n-ö', 'tervikpildi', 'nägemise', 'oskust', 'üksikute', 'töövõtete', 'valdamise', 'asemel', ',', 'suuremat', 'rõhku', 'pannakse', 'tööohutuse', 'alaste', 'nõuete', 'tundmisele', 'ja', 'järgmisele', '.']"
text286,"['varasemast', 'enam', 'pannakse', 'rõhku', 'tööohutuse', 'alaste', 'nõuete', 'tundmisele', 'ja', 'järgimisele', ',', 'töö', 'efektiivsusele', 'ning', 'tootmisprotsessi', 'laiemale', 'mõistmisele', '.']"
text287,"['tehnikaalaste', 'teadmiste', 'osas', 'on', 'kasvava', 'tähtsusega', 'uute', 'tehnoloogiate', 'ja', 'materjalide', 'tundmine', ',', 'läbivalt', 'rõhutati', 'kõikide', 'juhtide', 'puhul', 'aina', 'olulisemaks', 'erialaste', 'ikt-lahenduste', 'tundmist', '.', 'viimast', 'peeti', 'eriti', 'tähtsaks', 'otseselt', 'tootmise', 'juhtimisega', 'seotud', 'ametikohtadel', '.']"
text288,"['eraldi', 'rõhutati', 'müügi-', 'ja', 'turundusjuhtide', 'puhul', 'oskust', 'planeerida', 'tehnoloogia', 'arengust', 'lähtuvalt', 'tulevikku', ',', 'ehk', 'oskust', 'hinnata', ',', 'mida', 'ettevõte', 'saaks', 'ja', 'võiks', 'müüa', 'nt', '5', 'aasta', 'pärast', '.']"
text289,"['kasvava', 'tähtsusega', 'üldisteks', 'oskusteks', 'on', 'protsesside', ',', 'ressursside', 'ja', 'riskide', 'juhtimise', 'oskus', ',', 'võõrkeelte', '(', 'eelkõige', 'inglise', ',', 'saksa', ',', 'vene', 'keele', ')', 'valdamine', '.']"
text290,"['inseneride', 'puhul', 'toodi', 'kasvava', 'tähtsusega', 'üldiste', 'oskustena', 'välja', 'meeskonnatöö', ',', 'võõrkeelte', 'ja', 'suhtlemisoskust', ',', 'mis', 'on', 'seotud', 'projektipõhise', 'tootmise', 'kasvu', 'ja', 'rahvusvahelise', 'koostööga', '.']"
text291,"['üldistest', 'oskustest', 'on', 'kasvava', 'olulisusega', 'suhtlemisoskus', ',', 'sh', 'oskus', 'ja', 'julgus', 'küsida', 'vajadusel', 'juhendamist', '(', 'täiendavaid', 'selgitusi', ')', 'ja', 'juhendada', 'uusi', 'töötajaid', '.']"
text292,"['seoses', 'vajadusega', 'kasutada', 'töös', 'võõrkeelseid', 'dokumente', 'ja', 'osaleda', 'välisfirmade', 'poolt', 'korraldatud', 'koolitustel', ',', 'on', 'järjest', 'suurema', 'tähtsusega', 'ka', 'vähemalt', 'ühe', 'võõrkeele', '(', 'inglise', 'või', 'saksa', ')', 'oskus', 'oma', 'eriala', 'piires', '.']"
text293,"['kasvava', 'ja', 'olulise', 'trendina', 'rõhutati', 'oskust', 'juhtida', 'ettevõtte', 'tööd', 'läbi', 'ettevõtte', 'väärtuste', 'ja', 'võimet', 'töötajaid', 'motiveerida', '.']"
text294,"['valdkonna', 'ja', 'üldiste', 'majandustrendide', 'tundmisel', 'ja', 'mõistmisel', 'on', 'juhtidel', 'samuti', 'arenguruumi', 'ning', 'lisaks', 'trendide', 'tunnetamisele', 'on', 'tarvis', 'juhtidel', 'ka', 'õppida', 'nendega', 'kohanduma', 'ja', 'ettevõtte', 'tegevust', 'majanduse', 'üldiste', 'suundumustega', 'sobitama', '.']"
text295,"['seoses', 'tehnoloogia', 'arenguga', 'on', 'keevituses', 'kasvav', 'nõudlus', 'uuemate', 'keevitusmeetodite', '(', 'nt', 'hõõrdkeevitus', ',', 'laserkeevitus', ')', 'valdamise', 'järele', 'ja', 'oluline', 'uus', 'oskus', 'on', 'keevitusrobotitega', 'töötamine', '.']"
text296,"['traditsiooniliste', 'keevitusmeetodite', '(', 'elektroodkeevitus', ')', 'kõrval', ',', 'mis', 'annavad', 'keevitajale', 'baasoskused', ',', 'tuleb', 'enam', 'tähelepanu', 'pöörata', 'uutele', 'keevitusmeetoditele', 'ning', 'töös', 'kasutatavate', 'abivahendite', '(', 'rakiste', ')', 'kasutamisele', '.']"
text297,"['ka', 'siin', 'leidsid', 'eksperdid', ',', 'et', 'seoses', 'tehnoloogia', 'arenguga', 'on', 'valdkonnas', 'kasvav', 'nõudlus', 'uuemaid', 'keevitusmeetodeid', 'valdavate', 'töötajate', 'järele', 'ja', 'lähitulevikus', 'kasvab', 'keevitusroboti', 'operaatorite', 'vajadus', '.']"
text298,"['traditsiooniliste', 'keevitusmeetodite', '(', 'elektroodkeevitus', ')', 'kõrval', ',', 'mis', 'annavad', 'toodete', 'ja', 'konstruktsioonide', 'valmistajatele', 'keevitaja', 'baasoskused', ',', 'tuleb', 'enam', 'tähelepanu', 'pöörata', 'uutele', 'keevitusmeetoditele', 'ning', 'töös', 'kasutatavate', 'abivahendite', '(', 'rakiste', ')', 'kasutamisele', '.']"
text299,"['lisaks', 'erialastele', 'ikt-oskustele', 'ehk', 'erinevate', 'programmide', 'tundmise', 'ja', 'rakendamise', 'oskusele', 'vajavad', 'arendamist', 'seadmete', 'kiirseadistamise', 'oskused', '(', 'nt', 'SMED', 'oskused', ')', ',', 'teadmised', 'uutest', 'lõiketehnoloogiatest', 'ja', '-', 'instrumentidest', ',', 'tööriistade', 'ja', '-', 'pinkide', 'tarvikutest', '.']"
text300,"['viimistlustehnoloogiad', 'on', 'pidevas', 'arenduses', 'ja', 'viimistlejate', 'puhul', 'on', 'oluline', 'erinevate', 'pinnakatete', 'ja', 'tehnoloogiate', 'tundmine', '.']"
text301,"['ettevõtete', 'konkurentsivõime', 'tagamiseks', 'peavad', 'juhid', 'õppima', 'rakendama', 'tööstuses', 'enam', 'levinud', 'juhtimisstrateegiate', 'rakendamist', '(', 'nt', 'lean-juhtimine', ',', 'erinevad', 'kvaliteedialased', 'süsteemid', ')', 'ja', 'täiendama', 'ennast', 'finantsjuhtimise', 'põhitõdede', 'vallas', '.']"
text302,"['muutused', 'inseneridelt', 'eeldatavatelt', 'erialastelt', 'oskustelt', 'on', 'seotud', 'eelkõige', 'nn', 'neljanda', 'tööstusrevolutsiooni', '(', 'Industry', '4.0', ')', 'arengutega', '.', 'peamiste', 'märksõnadena', 'toodi', 'intervjuudes', 'ja', 'grupitöödes', 'välja', 'üha', 'laienevat', 'robotite', 'kasutamist', 'tootmises', 'ning', 'erialaste', 'ikt-lahenduste', 'tundmist', 'ja', 'rakendamist', '.', 'viimase', 'puhul', 'on', 'oluline', ',', 'et', 'insenerid', 'ei', 'valdaks', 'mitte', 'ainult', 'joonestus-', 'ja', 'seadmete', 'juhtimisprogramme', ',', 'vaid', 'tunneks', 'ka', 'ettevõtte', 'infohalduse', 'tarkvarasid', '(', 'nt', 'PLM', '–', 'Product', 'Lifecycle', 'Management', ')', 'ja', 'tootmise', 'juhtimise', '(', 'nt', 'ERM', '–', 'Enterprise', 'Risk', 'Management', ')', 'lahendusi', '.']"
text303,"['kasvav', 'vajadus', 'on', 'keevitajate', 'järele', ',', 'kes', 'oskavad', 'opereerida', 'keevitusroboteid', '.']"
text304,"['kasvav', 'vajadus', 'on', 'keevitusrobotite', 'operaatorite', 'oskuste', 'järele', '.']"
text305,"['valdkonna', 'ettevõtetes', 'toimub', 'üleminek', 'konventsionaalsetelt', 'metallitöö', 'pinkidelt', 'arvjuhtimisega', 'tööpinkidele', ',', 'mistõttu', 'vajab', 'valdkond', 'üha', 'enam', 'apj-pinkide', 'seadistamist', 'ja', 'opereerimist', 'valdavaid', 'oskustöölisi', '.']"
text306,"['ekspertide', 'hinnangul', 'ei', 'valda', 'kooli', 'lõpetajad', 'piisaval', 'määral', 'tööstuses', 'kasutatavaid', 'programmeerimiskeeli', 'ja', 'neil', 'puuduvad', 'praktilised', 'oskused', ',', 'et', 'tulla', 'edukalt', 'toime', 'arvprogrammjuhtimisega', 'seadmetel', 'töötamise', 'ja', 'seadmete', 'seadistamisega', '.']"
text307,"['seoses', 'tootmise', 'automatiseerimisega', 'tekib', 'ka', 'koostelukkseppadel', 'vajadus', 'õppida', 'opereerima', 'tootmisroboteid', '.']"
text308,"['mehhatroonikud', 'täidavad', 'lisaks', 'hoolduse', 'ja', 'remondiga', 'seotud', 'ülesannetele', 'sageli', 'ka', 'seadmete', 'programmeerimise', 'ja', 'seadistamisega', 'seotud', 'ülesandeid', 'ning', 'seetõttu', 'on', 'nende', 'puhul', 'kasvava', 'tähtsusega', 'robotite', 'seadistamise', 'oskus', ',', 'erinevate', 'programmeerimiskeelte', 'õppimise', 'kogemus', 'ja', 'nt', 'SMED', 'põhioskuste', 'omandamine']"
text309,"['hooldustehnikute', 'ja', 'mehhatroonikute', 'arendamist', 'vajavad', 'oskused', 'on', 'seotud', 'erialase', 'IKT', 'ja', 'tehnoloogia', 'arenguga', '.']"
text310,"['mehaanikute', 'ja', 'lukkseppade', 'töö', 'muutub', 'seoses', 'tehnoloogia', 'arenguga', 'mehhatroonikute', 'tööle', 'üha', 'sarnasemaks', 'ning', 'sellest', 'tingituna', 'on', 'kasvava', 'vajadusega', 'erialased', 'IKT', 'oskused', '.']"
text311,"['ettevõtjad', 'otsivad', 'praktilise', 'kogemusega', 'spetsialiste', ',', 'kes', 'oleks', 'kiiresti', 'muutuvas', 'tehnoloogilises', 'keskkonnas', 'õpi-', 'ja', 'kohanemisvõimelised', '.']"
text312,"['käsitsitöö', 'asendub', 'üha', 'rohkem', 'tööpinkide', 'jälgimise', 'ja', 'haldamisega', '.', 'see', 'eeldab', 'oskust', 'mõista', 'ja', 'kasutada', 'levinumaid', 'tootmises', 'kasutatavaid', 'pinkide', 'juhtimise', 'tarkvarasid', 'ja', 'võimekust', 'spetsialiseeruda', 'vajadusel', 'ümber', 'ka', 'tootmisrobotite', 'operaatoriks', 'või', 'seadistajaks', '.']"
text313,"['praegustel', 'inseneridel', 'napib', 'ekspertide', 'hinnangul', 'kvaliteedistandardite', 'lugemise', ',', 'mõistmise', 'ja', 'rakendamise', 'oskusi', '.']"
text314,"['järjest', 'rohkem', 'pannakse', 'rõhku', 'tööohutuse', 'alaste', 'nõuete', 'tundmisele', 'ja', 'järgimisele', '.']"
text315,"['lisaks', 'erialastele', 'oskustele', 'on', 'järjest', 'olulisem', 'tööohutusnõuete', 'mõistmine', 'ja', 'järgimine', '.']"
text316,"['jätkuvalt', 'olulised', 'erialased', 'oskused', 'on', 'jooniste', ',', 'skeemide', 'lugemise', 'ja', 'mõistmise', 'oskus', 'ning', 'montaažioskus', ';', 'tööohutusalaste', 'nõuete', 'mõistmine', 'ja', 'järgimine', '.']"
text317,"['tänastel', 'meistritel', 'ja', 'töödejuhatajatel', 'on', 'arenguruumi', 'üldistes', 'tootmise', 'korraldamist', 'ja', 'juhtimist', 'puudutavates', 'küsimustes', '.']"
text318,"['kasvava', 'tähtsusega', 'on', '(', 'tööstus', ')', 'robotite', 'hoolduse', 'ja', 'seadistamise', 'oskused', '.']"
text319,"['ettevõtjad', 'otsivad', 'töökogemusega', 'spetsialiste', ',', 'kes', 'oleks', 'kiiresti', 'muutuvas', 'tehnoloogilises', 'keskkonnas', 'õpi-', 'ja', 'kohanemisvõimelised', '.']"
text320,"['samas', 'ei', 'kao', 'ikt-oskuste', 'kõrval', 'vajadus', 'n-ö', 'traditsiooniliste', 'oskuste', 'järele', ',', 'nagu', 'jooniste', 'lugemise', 'ja', 'montaažioskus', '.']"
text321,"['ettevõtjate', 'hinnangul', 'vajavad', 'koolilõpetajate', 'puhul', 'arendamist', 'jooniste', 'lugemise', ',', 'ruumilise', 'mõtlemise', 'ja', 'montaažioskused', '.']"
text322,"['ettevõtjate', 'hinnangul', 'vajavad', 'ka', 'siin', 'koolilõpetajate', 'puhul', 'arendamist', 'jooniste', 'lugemise', ',', 'ruumilise', 'mõtlemise', 'ja', 'montaažioskused', '.']"
text323,"['erialastest', 'oskustest', 'vajavad', 'arendamist', 'jooniste', 'lugemise', 'ja', 'montaažioskused', '.']"
text324,"['olulisemaks', 'muutub', 'oskus', 'töötada', 'samaaegselt', 'erinevate', 'seadmetega', ',', 'kuna', 'ikt-lahenduste', 'kasutuselevõtt', 'võimaldab', 'ühel', 'inimesel', 'töötada', 'korraga', 'mitmel', 'tööpingil', '.']"
text325,"['seoses', 'valdkonna', 'kiire', 'arenguga', 'on', 'pidev', 'vajadus', 'erialaseid', 'oskusi', 'täiendada', ',', 'õppida', 'juurde', 'uusi', 'tehnoloogiaid', '.']"
