text_id,stop_list
text0,"['võistlusülesande', 'lahendamiseks', 'vajalikud', 'erialased', 'teadmised', 'oskused', ':', 'elektroonikakomponentide', 'formeerimine', 'paigaldamine', 'trükkplaadile', ',', 'elektroonikakomponentide', 'trükkplaadilt', 'maha', 'jootmine', ',', 'elektroonikakomponentide', 'trükkplaadile', 'jootmine', ',', 'jooteseadmete', 'kasutamine', ',', 'jootematerjalide', 'kasutamine', ',', 'elektroonikakomponentide', 'ohutus', '.']"
text1,"['võistlusülesandena', 'elektroonikutel', 'etteantud', 'komponentidest', 'monteerida', 'pindmontaaž-', 'läbiviiktehnoloogiaid', 'kasutav', 'elektroonikaseadme', 'trükkplaat', '.']"
text2,"['hea', 'positiivne', 'alus', ',', 'kõrgemaid', 'probleemilahenduse', 'tehnoloogia', 'kasutuse', 'oskusi', 'arendada', '.']"
text3,"['“', 'töövõtted', 'ohutustehnika', 'võistlejatel', 'selged', 'maksimumpunktid', ',', '”', 'tunnustas', '.']"
text4,"['enamasti', 'eraisikud', 'väikese', 'suurusega', 'ettevõtjad', ',', 'tihti', 'puudub', 'oskus', ',', 'võimekus', 'eelarve', 'dokumentide', 'pikaajalise', 'turvalisuse', 'tagamiseks', '.']"
text5,"['“', 'täpsust', 'osavust', 'nõudvat', 'käsijootmise', 'ülesannet', 'jälgisid', 'IPC', 'meisterkoolitaja', 'sertifikaatidega', 'kohtunikud', 'Tallinna', 'Polütehnikumist', ',', 'rahvusvahelistele', 'IPC', 'standarditele', 'tuginedes', 'hindasid', 'valminud', 'trükkplaadi', 'töövõimet', 'koostamise', 'kvaliteeti', ',', '”', 'selgitab', 'võistlustööde', 'hindamise', 'parameetreid', 'lisab', ',', 'võidutöö', 'tulemus', 'ideaalilähedane', '.']"
text6,"['ühiselt', 'vaadatakse', ',', 'eesmärkide', 'puu', 'luua', 'tulemusi', 'hinnata', 'tagada', 'edusammudega', 'seotud', 'kommunikatsioon', '.']"
text7,"['LIKTA', 'kutsub', 'inimesi', 'kolmes', 'Balti', 'riigis', 'osalema', 'projekti', '“', 'virtual', 'internships', 'in', 'the', 'baltics', '”', 'raames', 'tasuta', 'digioskuste', 'kursustel', ',', 'pakkudes', '30 000', 'inimesele', 'võimalust', 'tasuta', 'teadmisi', 'parandada', 'seeläbi', 'tuleviku', 'karjäärivõimalusi', 'edendada', '.']"
text8,"['15%', 'eestimaalastest', 'nentis', 'värske', 'uuringu', ',', 'tööle', 'kandideerides', 'oodatud', 'digitaalseid', 'põhioskusi', '–', 'küsitud', 'teadmisi', 'andmeanalüüsist', ',', 'oodatud', 'programmeerimisoskust', 'keerukamaid', 'digioskusi', '.']"
text9,"['„', 'digitaalsest', 'kirjaoskusest', 'igapäevaelu', 'osa', '.']"
text10,"['lähiaastatel', 'tööandjad', 'üleüldise', 'digipöörde', 'tulemusena', 'digioskustele', 'tähelepanu', 'pöörama', '.']"
text11,"['teretulnud', ',', 'täiskasvanud', 'tasuta', 'kursustel', 'praktilisi', 'teoreetilisi', 'it-teadmisi', 'arendada', ',', 'kasvatades', 'konkurentsivõimet', '.']"
text12,"['nõudlus', 'digiteenuste', '-', 'oskuste', 'kiiresti', 'kasvanud', 'kõikjal', 'Euroopa', 'Liidus', ',', 'Balti', 'riikides', ',', 'palgad', 'tööjõuvajadus', 'kasvavad', 'kiiremini', 'it-sektoris', '.']"
text13,"['ellest', 'aru', 'töötajad', ':', 'professionaalseid', 'oskusi', 'edendada', ',', '31,8%', 'Läti', ',', '28,4%', 'Leedu', '25%', 'Eesti', 'elanikest', 'värske', 'uuringu', 'valmis', 'digioskusi', 'parandama', '.']"
text14,"['Vahemere', 'Liidu', 'konverentsil', 'fookuses', 'digipööre', 'tuleviku', 'digioskuste', 'edendamine']"
text15,"['konverentsile', 'kogunes', '50', 'osalejat', 'Euroopa', 'Vahemere', 'piirkonnast', ',', 'valitsusametnikke', ',', 'erasektori', 'esindajaid', ',', 'ettevõtjaid', ',', 'teadlasi', 'sidusrühmade', 'esindajaid', ',', 'arutada', 'teemasid', ',', 'e-valitsemine', ',', 'e-teenused', ',', 'digimajandus', 'digioskused', '.']"
text16,"['president', 'Ilves', 'tudengitele', ':', 'inimeste', 'digitaalne', 'kirjaoskus', 'möödapääsmatu']"
text17,"['“', 'digimaailm', 'kolib', 'üha', 'nn', 'pärismaailma', ',', 'täpsemalt', 'öeldes', ',', 'pärismaailm', 'muutub', 'digitaalseks', ',', 'iseenesestmõistetav', ',', 'inimesed', 'omandama', 'digitaalse', 'kirjaoskuse', ',', '”', 'ütles', 'president', 'Toomas', 'Hendrik', 'Ilves', 'Tallinna', 'Tehnikaülikooli', 'aulas', 'avalikus', 'loengus', ',', 'analüüsis', 'igapäevaelu', 'paratamatut', 'kiiremini', 'kasvavat', 'sõltuvust', 'digimaailmast', '.']"
text18,"['paananen', ':', 'keskealistele', 'töötajatele', 'anda', 'IKT', 'oskused']"
text19,"['skype', 'Eesti', 'endise', 'juhi', 'sõnul', 'keskealistele', 'töötajatele', 'anda', 'IKT', 'oskused', '.']"
text20,"['“', 'anda', 'täiendavad', 'IKT', 'oskused', ',', 'logistikutele', ',', 'keeletehnoloogidele', ',', ',', '”', 'ütles', 'Paananen', ',', 'sõnul', 'elukestev', 'õpe', 'võtmesõnaks', 'Eesti', 'majanduse', 'edendamisel', 'rahvusvahelises', 'konkurentsis', 'hoidmisel', '.']"
text21,"['kampaania', 'eesmärk', 'tõsta', 'kodanike', 'teadlikkust', 'tööalaste', 'e-oskuste', 'täiendamise', 'vajadusest', '.']"
text22,"['kampaania', 'algatamise', 'põhjuseks', 'üha', 'kasvav', 'nõudlus', 'IKT', '(', 'info-', 'kommunikatsioonitehnoloogia', ')', 'oskustega', 'töötajate', ',', 'rahuldamata', 'kõrgele', 'töötuse', 'tasemele', 'Euroopas', '.']"
text23,"['kampaania', 'näol', 'tegemist', 'üleeuroopalise', ',', 'huvirühma', 'liitva', 'partnerlusega', ',', 'eesmärgiks', 'vähendada', 'puudujääki', 'Euroopa', 'elanike', 'ikt-alastes', 'oskustes', 'aidata', 'rakendada', 'IKT', 'potentsiaali', 'tööhõive', 'kujundamisel', '.']"
text24,"['kampaania', 'põhirõhk', 'teadlikkuse', 'tõstmisel', 'haridusest', ',', 'väljaõppest', ',', 'töökohtadest', 'võimalustest', ',', 'kättesaadavad', 'e-oskustega', 'inimestele', '–', 'inimestele', ',', 'teavad', ',', 'digitaaltehnoloogiat', 'tõhusalt', 'kasutada', '.']"
text25,"['e-oskused', 'vajalikud', 'väikeste', 'keskmise', 'suurusega', 'ettevõtete', 'töötajatele', ',', 'noortele', 'inimestele', 'tööturule', 'siseneda', 'soovivatele', 'töötutele', '.', 'e-oskused', 'üliolulised', 'ettevõtetele', ',', 'vajavad', 'kõrgetasemelist', 'tööjõudu', '.', 'Euroopa', 'võitleb', 'pikaajalise', 'majanduslangusega', ',', 'e-oskused', 'majanduse', 'jaluleaitamisel', 'olulisemad', 'varem', '.', 'heade', 'e-oskustega', 'inimesed', 'mängivad', 'keskset', 'rolli', 'uuendusliku', 'konkurentsivõimelise', 'Euroopa', 'kujundamisel', '.']"
text26,"['ühiselt', 'IKT', 'oskuste', 'arendamiseks', 'Eestis', '?']"
text27,"['PIAAC-i', 'uuring', '„', 'täiskasvanute', 'oskused', 'Eestis', 'maailmas', '“', ',', 'avaldati', '8.', 'oktoobril', ',', 'toob', 'selgelt', 'esile', 'vajaduse', 'suurendada', 'Eestis', 'infotöötluse', 'mahukate', 'töökohtade', 'arvu', 'tõsta', 'elanikkonna', 'professionaalseid', 'IKT', 'oskusi', '.']"
text28,"['teame', ',', 'valdav', 'osa', 'Eesti', 'elanikkonnast', 'kasutab', 'pidevalt', 'igapäevaseid', 'e-teenuseid', '(', 'Internetipank', ',', 'tuludeklaratsiooni', 'esitamine', ',', 'jne', ')', ',', 'suurel', 'osal', 'inimestest', 'puuduvad', 'kõrgemad', 'IKT-ga', 'seonduvad', 'probleemilahendusoskused', ',', 'kinnituseks', ':', 'e-teenused', 'mugavad', 'kasutajasõbalikud', '.']"
text29,"['ilmselge', ',', 'nõudmised', 'töötajate', 'oskustele', 'kasvavad', 'kiiresti', '.', ',', 'viis', 'aastat', 'IT', 'spetsialistide', 'mängumaa', ',', 'täna', 'vajalik', 'arvutiga', 'töötajatele', '.', 'vastavaid', 'oskusi', 'sihipäraselt', 'õpetada', 'noortele', 'täiskasvanuile', ',', 'edukas', 'riikide', 'konkurentsis', '.']"
text30,"['vajalik', 'sihipärane', 'IKT', 'oskuste', 'õpetamine', 'hindamine', 'põhikoolist', '.']"
text31,"['tööstussektori', 'juht', ',', 'töötaja', 'tasuta', 'digioskuste', 'koolitusele']"
text32,"['majandus-', 'kommunikatsiooniministeerium', '(', ')', 'viib', 'Euroopa', 'Sotsiaalfondi', '2014', '–', '2020', 'toel', 'ellu', 'toetusskeemi', '„', 'digitaalse', 'kirjaoskuse', 'suurendamine', '“', ',', 'käigus', 'viiakse', 'tuhandetele', 'tööstussektori', 'töötajale', 'tasuta', 'koolitused', 'digioskuste', 'parandamiseks', '.']"
text33,"['lähtuvalt', 'antud', 'eesmärgist', 'tellis', 'digitaalse', 'kirjaoskuse', 'baaskoolituse', 'tööstussektori', 'töötajatele', 'ikt-oskuste', 'vajalikkust', 'põhjendavad', 'teadlikkuse', 'tõstmise', 'tegevused', 'ettevõtete', 'juhtidele', '–', 'projekti', 'nimi', 'DigiABC', 'projekt', 'viiakse', 'ellu', 'perioodil', '2017', '-', '2020.']"
text34,"['digioskuste', 'puudumine', 'takistab', 'arengut']"
text35,"['töötajate', 'digitaalse', 'kirjaoskuse', 'puudumine', 'takistuseks', 'tööalases', 'arengus', '.']"
text36,"['sektor', ',', 'digitaalne', 'kirjaoskus', 'suurimat', 'mõju', 'avaldada', ',', 'töötlev', 'tööstus', '.']"
text37,"['tasuta', 'koolitusprogramm', 'digioskuste', 'arendamiseks']"
text38,"['google', 'pakub', 'koostöös', 'Majandus-', 'kommunikatsiooniministeeriumi', '(', ')', ',', 'Ettevõtluse', 'Arendamise', 'Sihtasutuse', '(', ')', 'Maakondlike', 'Arenduskeskustega', 'huvilistele', 'tasuta', 'koolitusi', ',', 'suurendada', 'teadmisi', 'näiteks', 'veebilehe', '-', 'poe', 'arendamisest', ',', 'digimaailmas', 'nähtavuse', 'tõstmisest', ',', 'sotsiaalmeedia', 'turundusest', ',', 'digistrateegiate', 'koostamisest', 'paljust', '.']"
text39,"['annetab', 'Google', 'Eesti', 'Ametiühingute', 'Keskliidule', '150 000', 'dollarit', '125 000', 'eurot', ',', 'tõsta', 'spetsiifilisemalt', '1000', 'madalapalgalise', 'töötaja', 'digioskusi', '.']"
text40,"['virtuaalne', 'tööandjate', 'teabepäev', 'koolitustoetuse', 'töötajate', 'IKT', 'alaste', 'oskuste', 'arendamiseks']"
text41,"['käesolevast', 'aastast', 'töötukassalt', 'taotleda', 'koolitustoetust', 'töötajate', 'informatsiooni-', 'kommunikatsioonitehnoloogia', '(', 'IKT', ')', 'alaste', 'oskuste', 'arendamiseks', '.']"
text42,"['kutsekojal', 'valmis', 'uuring', ',', 'annab', 'ülevaate', ',', 'digioskuste', 'erinevates', 'majandusvaldkondades', 'vajadus', 'kasvab', 'IKT', 'oskusi', 'tasub', 'töötajatele', 'õpetada', '.']"
text43,"['oletada', ',', 'peamiseks', 'põhjuseks', 'väikeettevõtjate', '(', 'eriti', 'mikroettevõtjate', ')', 'väiksem', 'haldussuutlikus', 'vajalike', 'kompetentside', 'puudumine', '(', 'muuhulgas', 'puudub', 'paljudel', 'mikroettevõtjatel', 'piisav', 'arvutikasutamise', 'oskus', '/', 'piisavad', 'vahendid', 'ettevõttevälise', 'teenuse', 'sisseostmiseks', ')', '.']"
text44,"['äriandmete', 'analüüsi', 'oskusi', 'omandada', 'kursusel', '“', 'äri-', 'andmeanalüüs', '”']"
text45,"['uuring', 'kinnitab', 'noorte', 'tipptasemel', 'oskusi', 'funktsionaalses', 'lugemisoskuses', 'matemaatilises', 'kirjaoskuses', '.']"
text46,"['suure', 'pildi', 'nägemises', 'muutuse', 'elluviimisel', 'inimesel', 'jätkuvalt', 'juhtroll', 'tänavu', 'keskendumegi', '.']"
text47,"['rõhutab', 'RIA', 'kahte', 'asja', '.', 'esiteks', 'soovitatakse', 'ettevõtetel', 'hinnata', ',', 'dokumente', 'üldse', 'vaja', 'tembeldada', 'kinnitada', 'dokumente', 'templiga', 'ühe-', 'sajakaupa', '.']"
text48,"['käsu', 'koostamise', 'andmise', 'oskus', 'tsiviilelus', 'kasulik', ',', 'tegu', 'konkreetse', 'juhisega', 'ülesande', 'lahendamiseks', 'andmisega', 'kaasneb', 'enesekindlus', 'usk', ',', 'ülesanne', 'lahendatud', '.']"
text49,"['sealjuures', 'oluline', 'osata', 'õpikogemusi', 'mõtestada', ',', 'väärtuslikku', 'rakendada', '.']"
text50,"['erialasele', 'professionaalsusele', 'toodi', 'kandidaatide', 'rida', 'isikuomadusi', ',', 'olulised', 'hea', 'tulemuse', 'saavutamiseks', '-', 'süsteemne', 'tegevus', ',', 'eesmärgile', 'pühendumine', ',', 'põhjalikkus', ',', 'hea', 'suhtlemisoskus', ',', 'operatiivsus', ',', 'innovatiivsus', ',', 'soov', 'pidevalt', 'erialaselt', 'täiendada', '”', ',', 'lausus', 'Ehitusinseneride', 'Liidu', 'tegevdirektor', 'Tiia', 'Ruben', '.']"
text51,"['levinud', 'müüt', ',', 'it-sektoris', 'töötamiseks', 'vaja', 'head', 'matemaatikaoskust', '.']"
text52,"['„', 'kõrgharidus', '„', 'pehmeks', '“', 'matemaatikat', 'õpita', ',', 'inseneriks', '.', '“', 'veskimägi', 'rääkis', 'võõrtööliste', 'värbamise', 'kitsaskohtadest', 'riiklikul', 'ettevõtte', 'tasandil', '.']"
text53,"['personali', 'korraldati', 'küsitlus', ',', 'selgus', ',', 'suurenenud', 'arusaamine', 'ettevõtte', 'eesmärkidest', ',', 'stressiga', 'toime', 'tulemise', 'oskus', 'soov', 'panustada', 'raskemate', 'probleemide', 'lahendamisse', '.']"
text54,"['tegelikult', 'märksa', 'olulisem', 'probleemi', 'lahendamise', 'oskus', 'tahe', 'õppida', ',', 'julgus', 'eksperimenteerida', 'eksida', '.']"
text55,"['tugevusteks', 'koostööle', 'orienteeritus', ',', 'uuendusmeelsus', 'oskus', 'lahendada', 'probleeme', 'osapooltele', 'sobivalt', '.']"
text56,"['töökohtades', 'kujundada', 'n-ö', 'õpipesasid', 'korraldada', 'virtuaalseid', 'õpiringe', 'juhendatud', 'probleemi', 'lahendamise', 'arutelusid', '.']"
text57,"['TEPP', 'koostööplatvorm', 'ilmestab', 'hästi', 'Eesti', 'kerksust', 'oskust', 'vastata', 'kriisidele', 'väljakutsetele', 'uuenduslike', 'lahendustega', '.']"
text58,"['EY', 'aasta', 'ettevõtja', 'konkursi', 'patroon', 'president', 'Alar', 'Karis', 'lausus', 'videotervituses', ',', 'Eesti', 'ettevõtjad', 'vastupidavad', 'sihikindlad', ',', 'oskavad', 'näha', 'kasutada', 'uusi', 'võimalusi', ',', 'käega', 'löövad', '.']"
text59,"['näidata', ',', 'kolmikpöörde', 'kriitiline', 'eeldus', 'juhtimise', 'kvaliteet', 'muutuse', 'juhtimise', 'oskus', ';']"
text60,"['meeskonnaliikmed', 'arendavad', 'teadmisi', 'ärivaldkondades', ':', 'turundus-', 'müügijuhtimine', 'ostu-', 'logistika', 'juhtimine', 'tootmise-', 'kvaliteedijuhtimine', 'finantsjuhtimine', 'personalijuhtimine']"
text61,"['oskuse', 'luua', 'selge', 'kaasav', 'strateegia', ',', 'saavutada', 'inimeste', 'pühendumus', ',', 'viia', 'ellu', 'püstitatud', 'eesmärgid', 'juhtida', 'muutusi', '.']"
text62,"['hea', 'meel', 'teada', 'anda', ',', 'pakub', 'majandus-', 'Kommunikatsiooniministeerumiga', 'kevadel', 'personaalseid', 'koolitusi', 'organisatsiooni', 'turundusvõimekuste', 'kommunikatsioonioskuste', 'arendamiseks', '.']"
text63,"['turunduskoolituse', 'eesma', '̈', 'rk', 'anda', 'osalejatele', 'praktilisi', 'oskusi', 'nippe', 'organisatsiooni', 'turundustegevuste', 'elluviimiseks', '(', 'turundustegevusi', 'vo', '̃', 'tark', 'tellija', ')', '.']"
text64,"['tasub', 'tuua', 'esile', 'toote', 'eelised', 'faktorid', ',', 'eristub', 'turul', 'olevatest', 'toodetest', '.']"
text65,"['suhtles', 'aktiivselt', ',', 'leidis', 'õige', 'Prantsuse', 'esindaja', ',', 'panustas', 'panustab', 'endiselt', 'sotsiaalmeediasse', ',', 'toodete', 'degustatsioonidesse', ',', 'erinevatesse', 'võimalustesse', 'tooteid', 'esile', 'tõsta', '.']"
text66,"['tasu', 'unustada', ',', 'poeketti', 'saamine', 'esimene', 'etapp', ',', 'intensiivselt', 'panustada', ',', 'toode', 'riiulitel', 'püsiks', '.']"
text67,"['facebookil', 'Eestis', 'esindaja', ',', 'kutsus', 'EVEAd', 'Facebookiga', 'koostööd', ',', 'aidata', 'väikeettevõtjatel', 'parandada', 'digiturunduse', 'e-kauplemise', 'oskusi', 'sotsiaalmeedias', '.']"
text68,"['jäta', 'kasutamata', 'võimalust', 'omandada', 'oskused', ',', 'arendada', 'äri', 'veebis', '!']"
text69,"['kommunikatsioonikoolitus', 'mõeldud', ',', 'tööülesannete', 'kuulub', 'organisatsiooni', 'tegevuste', ',', 'saavutuste', ',', 'eesmärkide', 'jne', 'osas', 'info', 'suuremale', 'avalikkusele', 'edastamine', '.']"
text70,"['oluline', 'valdkonda', 'tunda', 'teisalt', 'sisu', 'suutma', 'õpilastele', 'anda', ',', 'teadmiste', 'oskustega', 'töökeskkonnas', 'toime', '.']"
text71,"['aktiivse', 'innuka', 'uuendajana', 'lööb', 'silm', 'särama', ',', 'võimalik', 'lastele', 'uue', 'õpetamisel', 'kasutada', 'uudseid', 'meetodeid', 'vahendeid', '.']"
text72,"['kutseõppe', 'juhid', 'suutma', 'kutseõpetajaid', 'motiveerida', 'pikaajaliselt', ',', 'korraldama', 'töö', ',', 'anda', 'aega', 'pidevaks', 'enesearenguks', 'täiendamiseks', 'proovida', 'minimaliseerida', 'läbipõlemist', '.']"
text73,"['meeskondade', 'juhtimine', 'nõuab', 'sootuks', 'teistmoodi', 'oskusi', 'produktiivsuse', 'kasvatamine', 'tootmisliini', 'timmimine', '.']"
text74,"['varem', 'sooviti', ',', 'ütleb', ',', 'korda', ',', 'eelistatakse', 'juhte', ',', 'lasevad', 'mõelda', 'toetavad', 'töötajaid', '(', 'põhimõte', 'coach', 'vs', '.', 'boss', ')', '.']"
text75,"['tulemuslik', 'meeskonnajuhtimine', 'kaugtööl']"
text76,"['veebiseminaril', 'räägib', 'Indrek', 'Maripuu', ',', 'efektiivselt', 'juhtida', 'sõltumata', ',', 'meeskonnaliikmed', 'tööd', '.']"
text77,"['suurem', 'proovikivi', 'järelkasvu', 'tagamine', ',', 'inimesed', ',', 'jätkavad', 'organisatsioonis', ',', 'tunduvalt', 'paremad', 'head', ',', 'tagada', 'organisatsiooni', 'areng', 'püsimajäämine', '.', 'seotud', 'meeskonna', 'hoolitsemine', '.']"
text78,"['kindlasti', 'juhtimiskogemused', '-', 'oskused', ',', 'koolitame', 'suurest', 'osast', 'noortest', 'juhte', '.']"
text79,"['võtmesõnad', 'märkamine', 'töötajaga', 'suhtlemine', ',', 'igapäevatöös', 'juhina', 'regulaarselt', 'aega', 'võttes', '.']"
text80,"['päeva', 'tulemusena', 'arendate', ':', 'meeskonnatööd', 'strateegilist', 'mõtlemist', 'juhtimisoskust', 'otsustusoskus']"
text81,"['küsida', 'juhtidelt', ',', 'motiveerida', 'töötajaid', ',', 'vastatakse', ',', 'palka', 'panna', '.']"
text82,"['tegelikult', 'töö', 'suures', 'osas', 'seotud', 'läbirääkimiste', 'koostööga', 'õpetame', '.']"
text83,"['Marje', 'innustanud', 'õpilasi', 'viima', 'erinevaid', 'koostööprojekte', '.']"
text84,"['5', 'kauneima', 'Eesti', 'lasteraamatu', 'žürii', 'esinaine', 'Anu', 'Kalm', 'rõõmustab', 'ilusate', 'lasteraamatute', 'rohkuse', 'nendib', ',', 'nutiajastul', 'üha', 'olulisem', 'visuaalne', 'kirjaoskus', ',', 'oskus', 'valida', 'sobivat', 'kirjatüüpi', 'tervikuks', 'panna', '.']"
text85,"['võistlused', 'kestavad', 'päeva', 'võistlusalal', 'hinnatakse', 'tehnilist', 'sooritust', ',', 'meeskonnatööd', 'suhtlemist', 'oskust', 'töötada', 'projektidega', '.']"
text86,"['Diana', 'ütles', ',', 'ettevõtted', 'koostööd', '.', 'näiteks', 'klientide', 'teenindamine', 'ühisosa', 'leidmine', 'kasulik', '.']"
text87,"['äri', 'inimeste', '.', 'naiste', 'tugevuseks', 'sotsiaalsed', 'oskused', ',', 'ärimaailmas', 'kasuks', '.']"
text88,"['anname', 'planeerimisoskuse', ',', 'grupidünaamikast', 'arusaamise', 'teoreetilisi', 'teadmisi', '.']"
text89,"['kolmandaks', 'oskavad', 'kollektiivis', 'toime', 'orienteeritud', 'meeskonnatööle', ',', 'täita', 'ühist', 'eesmärki', '.']"
text90,"['noored', 'oskavad', 'paremini', 'arvestada', 'stressirohketes', 'olukordades', 'toime', ',', 'meeskond', 'jätkab', 'efektiivset', 'tegutsemist', '.']"
text91,"['võttes', 'arvesse', 'logistikasektori', 'ettevõtete', 'sidusust', 'äriprotsesside', 'läbiviimisel', 'tarneahelas', ',', 'paralleelsete', 'tarneahelate', 'olemasolu', ',', 'koostöö', 'võimalik', 'luua', 'märgatavat', 'ressursside', 'kokkuhoidu', 'tõsta', 'efektiivsust', '.']"
text92,"['varasemate', 'projektide', 'käigus', 'saavutatud', 'oskused', 'koostööks', 'suudetud', 'kaardistada', 'olulisemad', 'tulemuslikumad', 'sihtriigid', '.']"
text93,"['ehitame', 'koostööd', ',', 'võistle', ',', 'Euroopas', 'teatakse', 'tootjaid', 'Baltikumi', 'nime', ',', '“', 'rääkis', 'Grikis', '.']"
text94,"['“', 'parimates', 'meeskondades', 'kuulavad', 'meeskonna', 'liikmed', 'mõistavad', 'tundeid', 'vajadusi', '.', '”']"
text95,"['kirjeldatakse', ',', 'virtuaalne', 'juht', 'hea', 'suhtleja', ',', 'algatusvõimeline', ',', 'paindlik', 'demonstreerima', 'õppimis-', 'muutumisvõimet', '.']"
text96,"['tundsin', ',', 'muutuma', 'paremaks', 'inimestega', 'suhtlemises', ',', 'koguses', 'kogemust', 'suvega', 'tundus', 'hea', 'plaan', '.']"
text97,"['eestlasele', 'kontaktide', 'leidmine', 'suhtlemine', 'üritustel', 'keeruline', 'ülesanne', ',', 'networkingu', 'põhitõed', 'õpitavad', '.']"
text98,"['oskus', 'teadlik', 'mõjutavatest', 'emotsioonidest', ',', 'teadmist', 'kasutada', 'arusaadavalt', 'mõistlikult', 'eneseväljendamisel', 'suhetes', '.']"
text99,"['soovitakse', 'pidevat', 'tagasisidet', 'jutuajamiste', ',', 'nõrkuste', 'analüüsi', '.']"
text100,"['paljud', 'ettevõtted', 'võtnud', 'aluseks', 'coaching', 'conversations’i', 'põhimõtted', ',', 'keskenduvad', 'eesmärkidele', 'töötajate', 'võimestamisele', '.']"
text101,"['töötaja', 'näiteks', 'märku', 'anda', ',', 'rollis', 'lagi', 'vaja', 'karjäärisihid', 'vaadata', '.', 'tunda', 'süvenevat', 'rahulolematust', ',', 'puudub', 'selgus', ',', 'teisiti', '.', 'abiks', 'organisatsiooni', 'kaasatud', 'karjäärinõustajad', 'coach’id', '.']"
text102,"['International', 'Coaching', 'Federation', 'toob', 'erinevused', ':', 'team', 'building', 'tegeleb', 'põhiliselt', 'suhete', 'arendamisega', 'treening', 'uute', 'oskuste', 'omandamisega', ',', 'team', 'coaching', 'arendab', 'eesmärkide', 'saavutamise', 'oskusi', 'meeskonna', 'jätkusuutlikkust', '.']"
text103,"['mitmekülgne', 'ennastjuhtiv', 'töötaja', 'väärtus', 'organisatsioonile', 'arengu', 'toetamine', 'oluline', 'osa', 'töötaja', 'karjääriteekonna', 'kujundamisest', '.']"
text104,"['tisleritööd', 'iseloomustab', 'iseseisev', 'tegutsemine', ',', 'nõuab', 'oskust', 'tegevust', 'kavandada', 'suurt', 'enesedistsipliini', '.']"
text105,"['Karin', 'Künnapas', ':', 'julgust', 'asju', 'võtta', 'tasu', 'alahinnata', '.']"
text106,"['tegemist', 'inimesega', ',', 'avatud', 'muutustele', 'koolis', 'iseendas', ',', 'valmis', 'uuteks', 'väljakutseteks', 'leiab', 'võimaluse', 'keerulisemate', 'ideede', 'elluviimiseks', '.']"
text107,"['„', 'faktiteadmiste', 'üha', 'olulisem', 'õppimise', 'vorm', 'oskus', 'erinevates', 'olukordades', ',', '“', 'ütles', 'Laidmets', '.']"
text108,"['72%', 'juhtidest', 'tõi', 'tähtsama', 'tegurina', 'töötajate', 'kohanemisvõime', ',', 'valmisoleku', 'uusi', 'oskusi', 'omandada', 'liikuda', 'uude', 'tööalasesse', 'rolli', '.']"
text109,"['sagedased', 'muutused', 'tööelus', 'tähendavad', 'valmisolekut', 'töö', 'käigus', 'pidevalt', 'uusi', 'oskusi', 'teadmisi', 'omandada', 'arengueesmärke', 'seada', ',', 'suurendada', 'nn', 'karjääri', 'kohanemisvõimet', '.']"
text110,"['leitud', ',', 'suurendab', 'töötaja', 'karjääri', 'kohanemisvõimet', 'oskus', 'vastavalt', 'vajadusele', 'kasutada', 'erinevaid', 'arendamise', 'viise', '.', 'näiteks', 'kogenumatelt', 'kolleegidelt', 'tagasisidet', 'küsides', ',', 'iseseisvalt', 'infot', 'otsides', ',', 'võimaluste', 'avanedes', 'täiendus-', 'ümberõppes', 'osaledes', '.']"
text111,"['Ameerika', 'müügioskustelt', 'Euroopast', '.']"
text112,"['juttu', ',', 'eestlased', 'head', 'müügimehed', 'müügioskused', 'jätavad', 'pehmelt', 'öeldes', 'soovida']"
text113,"['müügitöö', 'töökus', 'oskus', '.']"
text114,"['müümine', 'oskus', 'maailmas', 'vähe', 'ettevõtteid', ',', 'kogemustepagas', 'valdkonnas', 'suurem', 'Southwesternil', '.']"
text115,"['vaatame', 'seminaril', 'esinemishirmu', 'tekkemehhanismidele', 'viisidele', ',', 'lühikeses', 'pikas', 'perspektiivis', 'ärevusega', 'paremini', 'toime', '.']"
text116,"['vaatame', ',', 'hea', 'avalik', 'esinemine', 'esinemisoskust', 'parandada', '.']"
text117,"['soovid', 'avaliku', 'esinemise', 'oskusi', 'parandada', 'esinemisärevuse', 'seljatada', ',', 'seminar', 'sissejuhatuseks', 'teema', 'ettevõtmisel', '.']"
text118,"['töötoas', 'teada', ',', 'tunda', 'networkingu', 'käigus', 'enesekindlana', 'leida', 'sobivaid', 'kontakte', '.']"
text119,"['töötoa', 'turvalises', 'keskkonnas', 'õpid', 'looma', 'tugevaid', 'väärtuslikke', 'võrgustikke', 'teada', ',', 'vigu', 'networkimisel', 'vältida', '.']"
text120,"['arenda', 'ettevõtlust', '-', 'välisturgudele', 'minekul', 'networkingu', 'oskus', 'kasuks', '.']"
text121,"['kokkulepped', 'paljude', 'piirkonna', 'ettevõtetega', 'parktikabaasideks', 'olemiseks', 'arvukad', 'külalisõpetajad', 'erinevatelt', 'elualadelt', 'kinnitavad', 'õpetaja', 'oskust', 'luua', 'toimivaid', 'koostöösuhteid', 'õpilaste', 'arengueesmärke', 'silmas', '.']"
text122,"['suurepärane', 'planeerimisoskus', 'soovidega', 'arvestamine', 'kõrgelt', 'hinnatud', 'noorte', 'haridusasutustega', 'suhtleja', '.']"
text123,"['püstitada', 'meeskonnaga', 'eesmärke', ',', 'toetab', 'saavutamist', 'sõltumata', 'asukohast', '?']"
text124,"['tähelepanu', 'väärib', 'oskus', 'leida', 'rahvusvahelise', 'ambitsiooniga', 'ideedele', 'erinevate', 'projektide', 'rahastus', '.']"
text125,"['mõistlik', 'luua', 'ettevõttele', 'sobiv', 'ajatemplite', 'kasutamise', 'lahendus', ',', 'tembeldamine', 'ühekordne', 'vajadus', 'tekib', 'järgnevate', 'dokumentide', 'tulevikus', '.']"
text126,"['tulevikus', 'muutub', 'edukaks', 'saamisel', 'järjest', 'olulisemaks', 'kaugemale', 'nägemine', ',', 'tulevikusignaalide', 'tajumine', 'arvestamise', 'oskus', ',', '”', 'ütles', 'president', 'Kersti', 'Kaljulaid', '.']"
text127,"['külg', 'kindlasti', 'hanketegevused', '.', 'Eesti', 'ettevõtjad', 'tagavad', 'suure', 'osa', 'vajalikust', 'materjalist', ',', 'toidust', 'sööklas', 'kasarmute', 'ehituseni', '.']"
text128,"['suurem', 'tähtsam', 'osa', 'koostöö', 'seoses', 'reservväega', ',', 'tahame', 'ettevõtjatelt', 'erinevates', 'olukordades', 'inimressurssi', '.']"
text129,"[',', 'tekkima', 'reaalne', 'olukord', ',', 'reservvägi', 'kutsuda', 'üleöö', 'teadmata', 'perioodiks', ',', 'normaalne', 'elu', 'äritegevus', 'tugevalt', 'häiritud', ',', 'vältimiseks', 'plaani', 'võimalikke', 'riske', 'maandada', '.']"
text130,"['oluline', 'tähelepanu', 'pöörata', 'teeninduskultuurile', ',', 'Keeleametile', 'laekunud', 'kaebuse', 'peamiseks', 'põhjuseks', 'keeleoskuse', 'puudumine', ',', 'teeninduskultuuri', 'puudumine', '.']"
text131,"['töökollektiivid', ',', 'asub', 'tööle', 'Ukraina', 'sõjapõgenikke', ',', 'toetada', 'eesti', 'keele', 'õppimisel', '.']"
text132,"['aja', 'möödudes', 'selgub', ',', 'sõjapõgenikust', 'töötajal', 'jääda', 'Eestisse', 'pikemaks', 'ajaks', ',', 'näiteks', 'aastaks', ',', 'ootame', 'tööandjalt', 'initsiatiivi', ',', 'tagada', 'töötajate', 'nõutaval', 'tasemel', 'eesti', 'keele', 'oskus', '.']"
text133,"['meeskond', 'fictionfeel', 'näidanud', 'sihikindlust', 'idee', 'arendamisel', 'elluviimisel', ',', 'pühendunud', 'meeskonnana', 'hästi', 'toime', 'alustava', 'ettevõtja', 'väljakutsetega', 'kasutanud', 'oskuslikult', 'starter', 'programmile', 'start-up', 'ökosüsteemi', 'võimalusi', 'idee', 'arendamisel', 'teadmiste', 'kogemuste', 'omandamisel', '.']"
text134,"['Marje', 'Vaan', 'Pärnu', 'Vanalinna', 'Põhikooli', 'huvijuht', ',', 'innovaatilise', 'ettevõtliku', 'õpetajana', 'ettevõtlusõppe', 'oskuslikult', 'lõiminud', 'erinevate', 'õppeainetega', '.', 'Marje', 'loonud', 'koolis', 'süsteemi', 'õpilaste', 'ettevõtlikkuse', 'arendamiseks', 'ettevõtlusõppe', 'juurutamiseks', '.', 'koostööd', 'erinevate', 'partneritega', 'väljapool', 'kooli', 'nõustab', 'toetab', 'kolleege', 'ettevõtlusõppe', 'lõimimisel', 'ainetundidesse', '.']"
text135,"['modernworkplacelearning.com-i', 'küsitluse', 'töötajate', 'eelistatumad', 'viisid', 'õppida', 'igapäevase', 'töö', 'käigus', ',', 'kolleegidega', 'kogemuste', 'jagamine', '(', 'peer', 'learning', ')', ',', 'veebist', 'teadmisi', 'kogudes', ',', 'juhi', 'tagasiside', 'juhendamine', '.']"
text136,"['metsanduse', 'juhtide', 'tippspetsialistide', ',', 'sh', 'ostu-', 'müügijuhtide', 'olulisteks', 'erialasteks', 'oskusteks', 'teadmisteks', 'laiaulatuslikud', 'metsabioloogia', 'mullastikualased', 'teadmised', ',', 'metsaressursi', 'pikaajalise', 'strateegilise', 'planeerimise', 'oskus', 'kontseptuaalne', 'mõtlemisoskus', '.', 'käsitleda', 'metsa', 'majandamist', 'osana', 'majandusest', 'ettevõtlusest', 'näha', 'planeerida', 'kaugele', ',', 'metsanduses', 'toimu', 'protsessid', 'inimpõlve', '.']"
text137,"['metsanduse', 'juhtidel', 'tippspetsialistidel', 'jääb', 'puudu', 'oskusest', 'näha', 'metsamajandamist', 'puidutööstust', 'osana', 'majandusest', 'ettevõtlusest', ',', 'probleemilahendamise', 'oskusest', ',', 'ideede', 'genereerimise', 'inimeste', 'juhtimise', 'oskusest', '.']"
text138,"['puudu', 'ruumilise', 'strateegilise', 'planeerimise', 'võimekusest', ',', 'kontseptuaalsest', 'mõtlemisoskusest', 'finantsnäitajate', 'lugemise', 'oskusest', '.']"
text139,"['kasvava', 'tähtsusega', 'üldiseks', 'oskuseks', 'strateegilise', 'planeerimise', 'oskus', ',', 'kontseptuaalne', 'mõtlemisoskus', ',', 'suhtlemisoskus', 'valdkondlike', 'õigusaktide', 'tundmine', 'ikt-lahenduste', 'rakendamine', '.']"
text140,"['üldistest', 'oskustest', 'jääb', 'puudu', 'analüütilise', 'mõtlemise', 'võimest', ',', 'algteadmistest', 'ruumilise', 'planeerimise', 'kontseptuaalsest', 'mõtlemisoskusest', '.']"
text141,"['puidu-', 'mööblitööstuse', 'juhtide', 'kasvava', 'tähtsusega', 'erialasteks', 'oskusteks', 'valdkonnaspetsiifilise', 'ettevõtluse', 'hea', 'tundmine', ',', 'pikaajaline', 'planeerimine', ',', 'tööstuse', 'tootmisprotsessi', 'tundmine', 'töö', 'korraldamine', 'tootmises', 'algusest', 'lõpuni', '.']"
text142,"['kasvava', 'tähtsusega', 'üldisteks', 'oskusteks', 'analüüsivõime', ',', 'läbirääkimise', 'veenmise', 'oskus', ',', 'sihikindlus', ',', 'eesmärkide', 'seadmine', ',', 'probleemilahendamise', ',', 'meeskonnatöö', 'koostööoskus', 'oskus', 'tellida', 'rakendada', 'valdkonnaspetsiifilisi', 'ikt-lahendusi', '.']"
text143,"['puitkonstruktsioonide', 'projekteerijate', 'kasvava', 'tähtsusega', 'erialasteks', 'oskusteks', 'teadmisteks', 'toodete', ',', 'sh', 'puitmajade', 'projekteerimise', 'eripärade', 'tundmine', ',', 'puitmaterjali', 'eripärade', 'materjalitehnoloogia', 'tundmine', ',', 'tööprotsesside', 'tundmine', ',', 'jooniste', 'koostamine', 'konstrueerimine', ',', 'jooniste', 'lugemise', 'oskus', 'käsitsi', 'arvutil', ',', 'CNC', 'töötlemiskeskustele', 'programmide', 'koostamine', ',', 'toodete', 'projekteerimine', ',', 'joonestamise', 'projekteerimistarkvaraga', 'töötamine', ',', 'sh', 'targa', 'tellija', 'kompetents', '–', 'tarkvara', ',', 'lahenduseks', 'tingimustega', 'sobib', ',', 'kulutused', 'efektiivsed', 'infot', 'süsteemist', 'koguda', 'tasub', '.']"
text144,"['tootearendajate', 'kasvava', 'tähtsusega', 'erialasteks', 'oskusteks', 'teadmisteks', 'puitmaterjali', 'eripärade', 'materjalitehnoloogia', 'tundmine', ',', 'tootmistehnoloogia', 'tundmine', ',', 'joonestamine', 'projekteerimine', ',', 'sh', 'CAD-CAM-i', ',', 'mathcad-i', '3D', 'projekteerimine', '.']"
text145,"['kasvava', 'tähtsusega', 'üldisteks', 'oskusteks', 'hoiakuteks', 'analüüsivõime', ',', 'ruumiline', 'mõtlemine', ',', 'planeerimise', 'oskus', ',', 'finantside', 'lugemisoskus', 'eelarvestamine', ',', 'ajajuhtimine', ',', 'suhtlemisoskus', 'töötamine', 'inimestega', 'kirjutamine', 'raporteerimine', '.']"
text146,"['tehnoloogi', ',', 'sh', 'mööblitoodete', 'tehnoloogi', 'kasvava', 'tähtsusega', 'erialasteks', 'oskusteks', 'teadmisteks', 'valdkonna', 'toodete', 'tootearenduse', 'tehniliste', 'eripärade', 'tundmine', ',', 'puitmaterjali', 'eripärade', 'materjalitehnoloogia', 'tundmine', ',', 'tööprotsesside', 'tundmine', ',', 'jooniste', 'koostamine', 'konstrueerimine', ',', 'jooniste', 'lugemise', 'oskus', 'käsitsi', 'arvutil', 'joonestamise', 'projekteerimistarkvaraga', 'töötamine', '.']"
text147,"['tehnik-joonestajate', 'kasvava', 'tähtsusega', 'erialasteks', 'oskusteks', 'teadmisteks', 'toodete', ',', 'sh', 'puitmajade', 'projekteerimise', 'eripärade', 'tundmine', ',', 'puitmaterjali', 'eripärade', 'materjalitehnoloogia', 'tundmine', ',', 'tööprotsesside', 'tundmine', ',', 'jooniste', 'koostamine', 'konstrueerimine', ',', 'jooniste', 'lugemise', 'oskus', '(', 'käsitsi', 'arvutil', 'joonistatud', ')', 'joonestamise', 'projekteerimistarkvaraga', 'töötamine', '.']"
text148,"['pehme', 'mööbli', 'valmistajatel', 'puudu', 'tööstuses', 'uue', 'pehme', 'mööbli', 'osade', 'koostamisega', 'seotud', 'käelistest', 'oskustest', 'osa', 'mõistmisest', 'tootmise', 'tervikprotsessis', '.']"
text149,"['olulised', 'teadmised', 'puidukuivatamisest', ',', 'aspiratsioonist', ',', 'arusaamine', 'detailide', 'toodete', 'valmistamise', 'viimistlemise', 'tsüklist', 'mõistmine', ',', ',', 'detail', 'toode', 'viimistlusse', '.']"
text150,"['vajaka', 'jääb', 'materjalide', 'tundmisest', 'materjalide', 'säästlikust', 'kasutamisest', ',', 'teadmistest', 'puidukuivatamisest', 'aspiratsioonist', ',', 'arusaamisest', 'detailide', 'toodete', 'valmistamise', 'viimistlemise', 'tsüklist', ',', 'mõistmisest', ',', ',', 'detail', 'toode', 'viimistlusse', '.']"
text151,"['puitdetailide', 'viimistlejate', 'kasvava', 'tähtsusega', 'erialasteks', 'oskusteks', 'teadmisteks', 'materjalide', 'tundmine', 'säästlikult', 'kasutamine', ',', 'puidukuivatamine', ',', 'aspiratsioon', ',', 'arusaamine', 'detailide', 'toodete', 'valmistamise', 'viimistlemise', 'tsüklist', 'detailidele', 'toodetele', 'esitatavatest', 'kvaliteedinõuetest', ',', 'mõistmine', ',', ',', 'detail', 'toode', 'viimistlusse', '.']"
text152,"['puidupingioperaatoritel', 'jääb', 'puudu', 'teadmistest', 'tootmisprotsessidest', 'juhtimisest', ',', 'materjalide', 'toodete', 'tundmisest', ',', ',', 'puit', 'sobib', 'tooteks', 'efektiivsemalt', '.']"
text153,"['puitplaatide', 'tootmise', ',', 'vineeri', 'töötlemisega', 'saematerjalide', 'tootmisega', 'seotud', 'liinioperaatoritel', 'jääb', 'puudu', 'teadmistest', 'tootmisprotsessidest', 'juhtimise', ',', 'materjalide', 'toodete', 'tundmisest', ',', ',', 'puit', 'sobib', 'tooteks', 'efektiivsemalt', '.']"
text154,"['headele', 'metsamajanduslikele', 'teadmistele', 'olulised', 'teadmised', 'puidu', 'omadustest', ',', 'toodetest', 'turustamisest', ',', 'logistika', 'põhimõtete', 'tundmine', 'ladude', 'teede', 'planeerimise', 'oskus', '.']"
text155,"['müügi-', 'ostujuhtidel', 'eriti', 'tähtsal', 'üldised', 'oskused', 'teadmised', '.', 'kasvava', 'tähtsusega', 'üldisteks', 'oskusteks', 'võõrkeelte', 'valdamine', ',', 'riskide', 'juhtimine', ',', 'logistika', 'põhimõtete', 'tundmine', 'strateegiline', 'ladude', 'planeerimise', 'oskus', ',', 'meeskonnatöö', 'oskus', 'järjest', 'kasvav', 'valdkonnaspetsiifiliste', 'ikt-lahenduste', 'tellimise', 'rakendamise', 'oskus', '.']"
text156,"['üldistest', 'teadmistest', ',', 'oskustest', 'hoiakutest', 'jätavad', 'soovida', 'kohuse', 'vastutustunne', 'erialaste', 'ikt-lahenduste', 'kasutamine', '–', 'programmide', 'kirjutamise', 'oskus', '(', 'programmeerimine', ')', ',', 'teadmised', 'matemaatikast', ',', 'läbirääkimiste', 'oskus', 'ettevõtlikkus', '.']"
text157,"['üldistest', 'oskustest', 'hoiakutest', 'kasva', 'tähtsusega', 'ikt-lahenduste', 'kasutamine', 'rutiinitaluvus', '.']"
text158,"['kasvavateks', 'üldisteks', 'oskusteks', 'protsesside', ',', 'ressursside', ',', 'riskide', 'inimeste', 'juhtimise', 'oskus', ',', 'läbirääkimise', 'oskus', ',', 'sihikindlus', 'eesmärkide', 'seadmine', ',', 'meeskonnatöö', 'oskus', ',', 'keelte', 'valdamine', 'oskus', 'tellida', 'rakendada', 'valdkonnaspetsiifilisi', 'ikt-lahendusi', '.']"
text159,"['üldistest', 'oskustest', 'hoiakutest', 'puudu', 'teadmistest', 'töö', 'efektiivsemaks', 'muutmise', 'võimalustest', ',', 'materjali', 'efektiivsest', 'kasutamisest', ',', 'planeerimise', 'oskusest', 'ajajuhtimisest', ',', 'suhtlemisoskusest', ',', 'meeskonnatöö', 'organiseerimisest', 'tööohutusest', 'töötervishoidust', 'isikukaitsevahendite', 'kasutamisest', '.']"
text160,"['vähesed', 'oskused', 'puiduvarumise', 'korraldamise', 'puidu', 'mahu', 'mõõtmise', 'osas', '.']"
text161,"['kasvava', 'tähtsusega', 'üldisteks', 'oskusteks', ',', 'teadmisteks', 'hoiakuteks', 'meeskonnatöö', 'oskus', '.']"
text162,"['kasvava', 'tähtsusega', 'üldisteks', 'oskusteks', ',', 'teadmisteks', 'hoiakuteks', 'meeskonnatöö', 'oskus', '.']"
text163,"['töötab', 'meeskonna', 'liikmena', ',', 'jälgib', 'tööprotsessist', 'kinnipidamist', ',', 'tootlikkust', ',', 'hoiab', 'toodangu', 'kvaliteeti', 'järgib', 'töö-', 'keskkonnaohutuse', 'nõudeid', '.']"
text164,"['puidu-', 'mööblitööstuse', 'müügi-', 'ostujuhtidel', 'jääb', 'puudu', 'eksportturgude', 'kultuuri', 'tundmisest', 'vahetust', 'suhtlemisoskusest', 'välisturgudel', '.', 'täiendamist', 'vajavad', 'valdkonnaspetsiifiliste', 'ikt-lahenduste', 'tellimise', 'rakendamise', 'oskus', 'selge', 'korrektne', 'eesti', 'keel', '.']"
text165,"['puidu-', 'mööblitööstuse', 'juhtidel', 'jääb', 'puudu', 'ettevõtlust', 'juhtimist', 'puudutavatest', 'oskustest', ',', 'probleemilahendamise', 'oskusest', ',', 'finantsnäitajate', 'lugemise', 'oskusest', 'ideede', 'genereerimise', 'võimest', 'elluviimise', 'oskusega', '.']"
text166,"['forvarderioperaatori', 'kasvava', 'tähtsusega', 'erialasteks', 'oskusteks', 'oskus', 'forvarderiga', 'ergonoomiliselt', 'sõita', 'töötada', 'hüdrotõstukiga', ',', 'hinnata', 'laaditud', 'ladustatud', 'puidu', 'kogust', 'tunda', 'puidurikkeid', ',', 'vedada', 'bioenergeetika', 'toorainet', ',', 'veidi', 'erinev', 'tavapärasest', 'ümarpuidu', 'kokkuveost', ',', 'hooldada', 'masinat', 'igapäevaselt', 'sooritada', 'töövõtteid', 'ohutult', 'turvaliselt', '.']"
text167,"['forvarderioperaatoritel', 'jääb', 'puudu', 'elektriskeemi', 'lugemise', 'oskustest', 'juhtmekatkestuste', 'selgitamiseks', ',', 'sortimentide', 'puidurikete', 'tundmisest', ',', 'koormasse', 'laaditud', 'puidu', 'mahu', 'hindamise', 'virnatäiuse', 'koefitsiendi', 'määramise', 'oskusest', 'väiksemate', 'remonttööde', 'tegemiseks', 'masina', 'mehhaanika', 'tundmisest', ',', 'efektiivsete', 'ergonoomiliste', 'töövõtete', 'ikt-lahenduste', 'rakendamisest', '(', 'vanema', 'põlvkonna', 'töötajatel', ')', '.']"
text168,"['puudu', 'jääb', 'koormasse', 'laaditud', 'puidu', 'mahu', 'hindamise', 'virnatäiuse', 'koefitsiendi', 'määramise', 'oskusest', ',', 'puidurikete', 'tundmisest', ',', 'ikt-lahenduste', '(', 'nutikad', 'pardaarvutid', ',', 'e-veoselehed', ',', 'navigeerimine', 'oskus', 'sõita', 'koordinaatide', ')', 'efektiivsete', 'ergonoomiliste', 'töövõtete', 'rakendamisest', '.']"
text169,"['arboristi', 'kasvava', 'tähtsusega', 'erialasteks', 'oskusteks', 'teadmisteks', 'tööohutus', '-', 'turvalisus', ',', 'ökoloogia', 'diagnostika', ',', 'töötamine', 'tõstukitelt', 'tööplatvormidelt', ',', 'võsa-', 'kettsaega', 'töötamine', 'saele', 'esmase', 'hoolduse', 'tegemine', '.', 'suureneb', 'nutiseadmete', 'ikt-lahenduste', 'kasutamine', '.']"
text170,"['suureneb', 'nutiseadmete', 'ikt-lahenduste', 'kasutamine', '.']"
text171,"['harvesterioperaatoritel', 'jääb', 'puudu', 'elektriskeemi', 'lugemise', 'oskustest', 'juhtmekatkestuste', 'selgitamiseks', ',', 'sortimentide', 'puidurikete', 'tundmisest', ',', 'kalibreerimise', 'järkamisfaili', 'koostamise', 'oskusest', ',', 'väiksemate', 'remonttööde', 'tegemiseks', 'masina', 'mehhaanika', 'tundmisest', 'rikete', 'tuvastamise', 'oskusest', ',', 'ikt-lahenduste', '(', 'eriti', 'vanema', 'põlvkonna', 'töötajatel', ')', 'efektiivsete', 'ergonoomiliste', 'töövõtete', 'rakendamisest', '.']"
text172,"['metsaveo', 'puiduhakkuri', 'veokijuhtide', 'kasvava', 'tähtsusega', 'oskusteks', 'hüdrotõstukiga', 'töötamine', ',', 'oskus', 'tagurdada', 'kitsal', 'metsateel', ',', 'puidu', 'sortimentide', 'puidurikete', 'tundmine', ',', 'ikt-lahenduste', 'rakendamine', '(', 'nutikad', 'pardaarvutid', ',', 'e-veoselehed', ',', 'navigeerimine', 'sõitmine', 'koordinaatide', ')', 'sooritada', 'töövõtteid', 'ohutult', ',', 'turvaliselt', 'ergonoomiliselt', '.']"
text173,"['olulised', 'teadmised', 'tugevusarvutustest', 'matemaatikast', ',', 'mehhanismidest', ',', 'tööstustehnoloogiast', ',', 'erialastest', 'ikt-lahendustest', '—', 'raalprojekteerimise', 'tarkvara', ',', 'sh', 'majandustarkvara', 'kasutamise', 'oskus', ',', 'CNC', 'töötlemiskeskustele', 'programmide', 'koostamine', 'targa', 'tellija', 'kompetents', 'teadmised', ',', 'tarkvara', ',', 'lahenduseks', 'tingimustega', 'sobib', ',', 'kulutused', 'efektiivsed', 'infot', 'süsteemist', 'koguda', 'tasub', '.']"
text174,"['puudu', 'jääb', 'jooniste', 'koostamise', 'konstrueerimise', 'joonestamise', 'projekteerimistarkvaraga', 'töötamise', 'oskusest', '.']"
text175,"['tootmisseadmete', 'tehnikute', 'kasvava', 'tähtsusega', 'erialasteks', 'oskusteks', 'teadmisteks', 'tootmismasinate', ',', '-', 'protsesside', ',', '-', 'automaatika', ',', '-', 'süsteemide', ',', '-', 'liinide', 'robotite', 'seadistamine', ',', 'töös', 'hoidmine', ',', 'hooldamine', 'programmeerimine', ',', 'lõikeriistade', 'teritustehnoloogiate', 'tundmine', ',', 'elektrivoolu', 'jooniste', 'lugemise', 'oskus', ',', 'erialaste', 'ikt-lahenduste', 'kasutamine', ',', 'sh', 'programmide', 'masinatega', 'seotud', 'patenditud', 'seadmete', 'kasutamise', 'reeglite', 'tundmine', '.']"
text176,"['raietöölise', 'kasvava', 'tähtsusega', 'erialasteks', 'oskusteks', 'võsa-', 'kettsae', 'kasutamine', 'hooldamine', ',', 'tööohutus', '-', 'turvalisus', ',', 'sh', 'töö-', 'turvavahendite', 'kasutamine', 'ergonoomiliste', 'töövõtete', 'kasutamine', '.']"
text177,"['harvesterioperaatori', 'kasvava', 'tähtsusega', 'erialasteks', 'oskusteks', 'iseseisvalt', 'valida', 'langetatavad', 'puud', ',', 'oskus', 'harvesteriga', 'ergonoomiliselt', 'sõita', ',', 'kalibreerida', 'harvesteri', 'mõõtmissüsteeme', ',', 'tunda', 'puidurikkeid', ',', 'ohjata', 'tarka', 'masinat', ',', 'masina', 'igapäevast', 'hooldust', ',', 'kasutada', 'võsagiljotiini', '(', 'bioenergeetika', 'seade', ')', 'sooritada', 'töövõtteid', 'ohutult', 'turvaliselt', '.']"
text178,"['tootmisseadmete', 'tehnikutel', 'jääb', 'puudu', 'tootmismasinate', '-', 'liinide', 'seadistamise', ',', 'töös', 'hoidmise', ',', 'hoolduse', 'programmeerimise', 'oskusest', 'tööohutuse', 'töötervishoiu', 'isikukaitsevahendite', 'kasutamise', 'reeglite', 'järgimisest', '.']"
text179,"['tislerite', 'kasvava', 'tähtsusega', 'erialasteks', 'oskusteks', 'teadmisteks', 'jooniste', 'tehnoloogiakaardi', 'lugemise', 'koostamise', 'oskus', ',', 'detailidele', 'toodetele', 'esitatavate', 'kvaliteedinõuete', 'tundmine', 'materjalide', 'tundmine', '.']"
text180,"['tisleritel', 'puudu', 'jooniste', 'tehnoloogiakaardi', 'lugemise', 'koostamise', 'oskusest', 'teadmistest', 'detailidele', 'toodetele', 'esitatavatest', 'kvaliteedinõuetest', '.']"
text181,"['metsaveo', 'puiduhakkuri', 'veokijuhtidel', 'probleemiks', 'kitsal', 'metsateel', 'tagurdamine', 'väiksemate', 'remonttööde', 'tegemine', '.']"
text182,"['puitkonstruktsioonide', 'püstitajate', 'kasvava', 'tähtsusega', 'erialasteks', 'oskusteks', 'teadmisteks', 'projektdokumentatsiooni', 'lugemise', 'oskus', ',', 'elementide', 'õigesse', 'konstruktsiooni', 'lõikamise', 'oskus', 'CNC', 'töötlemiskeskusel', 'tööriistade-seadmete', 'kasutamise', ',', 'hooldamise', 'remontimise', 'oskus', '.']"
text183,"['puitmaja', '(', 'sh', 'käsitöö', 'palkmaja', ')', 'ehitaja', 'tootja', 'kasvava', 'tähtsusega', 'erialasteks', 'oskusteks', 'teadmisteks', 'mootorsae', '(', 'kettsaag', ')', 'kasutamise', 'oskus', '(', 'käsitsi', 'tootjal', ')', ',', 'projektdokumentatsiooni', 'lugemise', 'oskus', 'tööriistade-seadmete', 'kasutamise', ',', 'hooldamise', 'remontimise', 'oskus', '.']"
text184,"['liinioperaatorite', 'kasvava', 'tähtsusega', 'erialasteks', 'oskusteks', 'teadmisteks', 'masinate', 'liinide', 'tööpõhimõtete', 'tehnoloogiate', 'tundmine', ',', 'programmide', 'kasutamine', ',', 'tootmisliinide', 'tootlikkuse', 'tõhustamine', ',', 'puitmaterjali', 'tundmine', '.']"
text185,"['puudu', 'jääb', 'puu', 'bioloogiaga', 'arvestamisest', 'puude', 'hooldusel', ',', 'teadmistest', 'lõikuse', 'spetsiifilistest', 'viisidest', ',', 'suurte', 'puude', 'ümberistutamisest', ',', 'puude', 'sanitaarse', 'seisundi', 'määramisest', '(', 'mädanike', 'leviku', 'ulatuse', 'määramine', 'tomograafiga', ')', 'kahjurputukate', 'tundmisest', '.']"
text186,"['puidupingioperaatori', 'kasvava', 'tähtsusega', 'erialasteks', 'oskusteks', 'teadmisteks', 'puidutöötlemispinkide', '-', 'seadmete', 'ehituse', 'tööpõhimõtete', 'tundmine', '(', 'sh', 'CNC', 'töötlemiskeskused', ')', ',', 'detailide', 'lõiketöötlemise', 'režiimide', 'kasutatavate', 'puit-', 'puidupõhiste', 'materjalide', 'toodete', 'omaduste', 'kvaliteedi', 'tundmine', ',', 'tööjoonisete', 'lugemise', 'materjalide', 'ökonoomse', 'kasutamise', 'oskus', '.']"
text187,"['raietöölistel', 'jääb', 'puudu', 'noore', 'metsa', 'kasvamise', 'kasvatamise', 'teadmistest', ',', 'ergonoomiliste', 'töövõtete', 'kasutamisest', 'võsasaega', 'töötamisel', 'töö', 'kvaliteedi', 'hindamise', 'oskusest', '.']"
text188,"['peamiseks', 'arendamist', 'vajavaks', 'oskuseks', 'efektiivsete', 'ergonoomiliste', 'töövõtete', 'rakendamine', '.']"
text189,"['kasvavaks', 'oskuseks', 'efektiivsete', 'ergonoomiliste', 'töövõtete', 'omamise', 'oskus', '.']"
text190,"['peamiseks', 'kasvavaks', 'oskuseks', 'efektiivsete', 'ergonoomiliste', 'töövõtete', 'omamise', 'oskus', '.']"
text191,"['vaja', 'lihtsamate', 'remonttööde', 'tegemise', 'oskust', ',', 'masinate', 'remontimine', 'tulevikus', 'tõenäoliselt', 'eraldi', 'amet', ',', 'tähendab', ',', 'masinaoperaatoritel', 'oskuse', 'vajadus', 'väheneb', '.']"
text192,"['vaja', 'lihtsamate', 'remonttööde', 'tegemise', 'oskust', ',', 'masinate', 'remontimine', 'eraldi', 'amet', ',', 'tähendab', ',', 'autojuhid', 'tegelema', '.']"
text193,"['kasvab', 'vajadus', 'osata', 'harvesteri', 'rikkeid', 'tuvastada', '.']"
text194,"['kasvab', 'vajadus', 'osata', 'forvarderi', 'rikkeid', 'tuvastada', '.']"
text195,"['üldistest', 'teadmistest', ',', 'oskustest', 'hoiakutest', 'jätkuvalt', 'olulised', 'teadmised', 'matemaatikast', 'kohuse-', 'vastutustunne', '.']"
text196,"['võsalõikaja', '.', 'tööülesanded', '-', 'võsalõikus', 'teeservadest', 'aladelt', ';', '-', 'hekkide', 'pügamine', ';', '-', 'ohtlike', 'puude', 'langetamine', 'koristus', ';', '-', 'okste', 'purustamine', 'oksapurustajaga', '/', 'äravedu', ';', '-', 'vajadusel', 'haljastustööd']"
text197,"['nõuded', 'kandidaadile', 'Haridustase', 'põhiharidus', 'Keeleoskus', 'keel', 'kõnes', 'kirjas', 'eesti', 'keel', '-', 'nõutud', 'B1', '-', 'keskmine', 'A2', '–', 'vähene', 'juhiload', 'Arvutioskus', 'algtase', 'nõuded', '-', 'soov', 'valmisolek', 'töötada', 'välitingimustes', 'erinevate', 'ilmastikuolude', '(', 'arvata', 'laussadu', ',', 'torm', ',', 'ekstreemsused', ')', ';', '-', 'hea', 'tervis', 'vastupidavus', 'füüsilisel', 'tööl']"
text198,"['kasutab', 'töös', 'inglise', 'keelt', 'A1', 'tasemel', ',', 'lisa', '2', '–', 'keelte', 'oskustasemete', 'kirjeldused', '.']"
text199,"['mõistab', 'töövahendite', 'masinate', 'juhistes', 'kasutatavaid', 'tähistusi', '.', 'mõistab', 'seadme', 'juhtpaneeli', 'nuppude', ',', 'lülitite', 'märgutulede', 'funktsioone', '.', '1', ')', 'seadmetele', '/', 'töövahenditele', 'kasutamiseelse', 'kontrolli', '.', '2', ')', 'käivitab', 'tööseadmed', 'vastavalt', 'kasutusjuhendis', 'toodud', 'järjekorrale', '.', '3', ')', 'valib', 'tööks', 'sobiva', 'juhtprogrammi', '.', 'lülitab', 'seadmed', 'abiseadmed', 'vastavalt', 'kasutusjuhendis', 'toodud', 'järjekorrale', ',', 'mõistes', 'lülitusjärjekorra', 'kriitilisust', '.', '1', ')', 'määrab', 'telgede', 'referentspunktid', '.', '2', ')', 'lähtestab', 'teljed', '(', 'nullistamine', ')', '.', '3', ')', 'mõistab', 'jõuallika', 'abiseadmete', 'funktsioone', 'tööpõhimõtteid', '.', 'mõistab', 'seadme', 'arvjuhitavate', 'telgede', 'tähistusi', 'liikumist', '.', '4', ')', 'jälgib', 'seadme', 'tööprotsessi', 'vajadusel', 'peatab', 'programmi', ',', 'korrigeerida', 'masinas', 'parameetreid', '/', 'materjali', 'paigutust', '.', '1', ')', 'vajadusel', 'korrigeerib', 'lõikeparameetreid', ',', 'mõistes', 'erinevate', 'lõikeparameetrite', 'mõju', 'lõiketulemusele', '.', '2', ')', 'vajadusel', 'muudab', 'võimaluste', 'piires', 'kompensatsiooni', 'väärtusi', ',', 'aru', 'kompensatsiooni', 'mõjust', 'detaili', 'mõõtmetele', '.', '3', ')', 'lõikeprogrammi', 'lõppemist', 'eemaldab', 'detailid', 'jäägid', 'töölaualt', '.', 'mõõdab', 'mõõtevahendite', 'paindenurkade', 'paindeservade', 'väärtusi', 'vajadusel', 'korrigeerib', ',', 'mõistes', 'materjalide', 'tagasivetrumise', 'olemust', 'korrektsioonide', 'mõju', 'painutuspingi', 'telgede', 'liikumisele', '.']"
text200,"['kasutab', 'igapäevatöös', 'arvutit', 'infotöötluse', 'kommunikatsiooni', 'osas', 'algtasemel', 'kasutaja', 'tasemel', ',', 'lisa', '1', '–', 'digipädevuste', 'enesehindamise', 'skaala', '.']"
text201,"['kasutab', 'ettevõtte', 'infohalduse', 'tarkvara', '.']"
text202,"['kontrollib', 'töö-', 'mõõteriistade', 'isikukaitsevahendite', 'korrasolekut', '.', '1', ')', 'valib', 'tööülesandele', 'vastava', 'juhtprogrammi', ',', 'mõistes', 'juhtprogrammi', 'koostamisel', 'kasutatud', 'masinkoodi', 'struktuuri', '.', '2', ')', 'hindab', 'juhtprogrammis', 'kasutatud', 'paigutusest', '(', 'nesting', ')', 'lähtuvat', 'detailide', 'laserpea', 'kokkupõrke', 'ohtu', '.', '3', ')', 'paigaldab', 'materjalilehe', 'seadmesse', 'manuaalselt', ',', 'abiseadmete', 'seadmega', 'ühendatud', 'automaatse', 'laadimisseadme', 'materjali', 'kahjustamata', '.', '4', ')', 'paigaldab', 'juhtprogrammis', 'ettenähtud', 'läätse', 'düüsi', ',', 'kontrollib', 'vajadusel', 'korrigeerib', 'laserkiire', 'tsentreeringut', ',', 'mõistes', 'laseri', 'lõikepea', 'seadistuse', 'mõju', 'lõiketulemustele', '.', '5', ')', 'kalibreerib', 'z-telje', ',', 'käivitades', 'vastava', 'kalibreerimisprogrammi', ',', 'mõistes', 'jälgimisanduri', 'tööpõhimõtet', '.', '1', ')', 'valib', 'tööülesandele', 'vastava', 'juhtprogrammi', ',', 'mõistes', 'juhtprogrammi', 'koostamisel', 'kasutatud', 'masinkoodi', 'struktuuri', '.', '2', ')', 'hindab', 'juhtprogrammis', 'kasutatud', 'paigutusest', '(', 'nesting', ')', 'lähtuvat', 'detailide', 'laserpea', 'kokkupõrke', 'ohtu', '.', '3', ')', 'paigaldab', 'materjalilehe', 'seadmesse', 'manuaalselt', ',', 'abiseadmete', 'seadmega', 'ühendatud', 'automaatse', 'laadimisseadme', 'materjali', 'kahjustamata', '.', '4', ')', 'paigaldab', 'juhtprogrammis', 'ettenähtud', 'läätse', 'düüsi', ',', 'kontrollib', 'vajadusel', 'korrigeerib', 'laserkiire', 'tsentreeringut', ',', 'mõistes', 'laseri', 'lõikepea', 'seadistuse', 'mõju', 'lõiketulemustele', '.', '5', ')', 'kalibreerib', 'z-telje', ',', 'käivitades', 'vastava', 'kalibreerimisprogrammi', ',', 'mõistes', 'jälgimisanduri', 'tööpõhimõtet', '.', '1', ')', 'koostab', 'juhtpaneelil', 'tööülesandele', 'vastava', 'juhtprogrammi', ',', 'kasutades', 'painutusteooria', 'alusteadmiseid', '(', 'painutusmeetodid', ',', 'painutusjärjekord', ',', 'tööriistade', 'määramise', 'põhimõtted', 'vastavalt', 'materjalidele', ')', ',', 'kinni', 'tööriistade', 'tonnaaži', 'piirangutest', '.', '2', ')', 'tuvastab', '(', 'kindlaks', ')', 'korrektse', 'pinnalaotuse', 'mõõtmed', ',', 'mõistes', 'painde', 'mahaarvamisväärtuste', '(', 'bend', 'deduction', ')', 'mõju', 'detaili', 'mõõtmetele', '.', '3', ')', 'paigaldab', 'tsentreerib', 'juhtprogrammis', 'määratud', 'painutustööriistad', ',', 'mõistes', 'painutustööriistade', 'kinnitussüsteemide', 'ohutu', 'käsitlemise', 'aluseid', '.', '4', ')', 'seadistab', 'seadme', 'valguskaitse', ',', 'mõistes', 'valguskaitse', 'kasutamise', 'olulisust', 'toimimise', 'põhimõtet', '.']"
text203,"['1', ')', 'mõistab', 'ohutusseadmete', 'tööpõhimõtteid', '.', '2', ')', 'seadmetel', '/', 'töövahenditel', 'puuduste', 'esinemisel', 'teavitab', 'viivitamatult', 'vastutavat', 'isikut', '.']"
text204,"['aru', 'ettevõtte', 'rollist', 'tööstuses', '.']"
text205,"['1', ')', 'kinni', 'tähtaegadest', 'kokkulepetest', '.', '2', ')', 'kasutab', 'aega', 'efektiivselt', '.']"
text206,"['kasutab', 'võimalusi', 'enesetäiendamiseks', '.']"
text207,"['osaleb', 'aktiivselt', 'parendusettepanekute', 'tegemisel', '.']"
text208,"['teadlik', 'tegevuse', 'tagajärgedest', '.']"
text209,"['koostööd', 'kaastöötajatega', '.', 'annab', 'panuse', 'ühise', 'tulemuse', 'saavutamiseks', '.']"
text210,"['annab', 'konstruktiivset', 'tagasisidet', 'protsessi', 'suutlikkuse', '.']"
text211,"['järgib', 'tööprotsessi', 'etappides', 'ettevõttes', 'kehtestatud', 'ohutusnõudeid', '(', 'tuletööde', 'eeskirjad', ',', 'tõsteseadmete', 'kasutus-', 'ohutusnõuded', 'käsitsi', 'raskuste', 'teisaldamisel', 'kehtestatud', 'nõuded', ')', '.', 'järgib', 'tööprotsessi', 'etappides', 'tööohutuse', 'nõudeid', '.', 'järgib', 'tööprotsessi', 'etappides', 'keskkonnahoiu', 'nõudeid', '.', 'järgib', 'tööprotsessi', 'etappides', 'keskkonnahoiu', 'nõudeid', '.']"
text212,"['dokumenteerib', 'kontroll-', 'hooldustoimingud']"
text213,"['orienteerub', 'tehnilistes', 'joonistes', '.']"
text214,"['kontrollib', 'detaili', 'joonisele', 'vastavust', 'mõõtevahendite', '.', '(', 'detaili', 'joonisele', 'mittevastavuse', 'tegutseb', 'vastavalt', 'ettevõttes', 'kehtestatud', 'reeglitele', '.', ')']"
text215,"['hindab', 'visuaalselt', 'materjali', 'kvaliteeti', ',', 'vältides', 'defektse', 'kahjustatud', 'materjali', 'kasutamist', '.']"
text216,"['valib', 'tööülesandele', 'vastava', 'materjali', '.', 'mõistab', 'materjali', 'standardites', 'kasutatavaid', 'tähistusi', '.']"
text217,"['ladustab', 'tooteid', ',', 'töövahendeid', 'vm', 'esemeid', 'manuaalselt', '.']"
text218,"['valmistab', 'tööprotsessist', 'lähtuva', 'ohutu', 'töökoha', '.']"
text219,"['cnc', 'tootmissüsteemid']"
text220,['kiirprototüüpimise']
text221,['tööstusdisaini']
text222,"['alamsüsteemide', 'käitlemine']"
text223,"['intellektuaalse', 'omandi', 'õigus']"
text224,['tööjuhiseid']
text225,['ohutusnõuded']
text226,"['hangib', 'infotehnoloogilisi', 'vahendeid']"
text227,"['cad', 'programm']"
text228,"['computer', 'aided', 'engineering']"
text229,['ruumikujutlusvõimet']
text230,['mõtlemisoskust']
text231,"['loogilist', 'analüütilist', 'mõtlemist']"
text232,['alusteadmised']
text233,['vormistada']
text234,"['tehniliste', 'jooniste', 'vormistamise']"
text235,"['paigaldab', 'alamsüsteeme']"
text236,['paigaldamine']
text237,['iseseisvalt']
text238,['meeskonnatöös']
text239,"['hankida', 'teavet']"
text240,"['kavandab', 'karjääri']"
text241,"['tehniliste', 'jooniste', 'koostamise']"
text242,['koostejoonised']
text243,['algatusvõime']
text244,['andmebaas']
text245,['äriplaan']
text246,['automatiseerimine']
text247,['elekter']
text248,['elektriskeem']
text249,['elektromehaanika']
text250,['jootemeetodid']
text251,['metallitöötlemispingid']
text252,['poltühendus']
text253,['kütteautomaatika']
text254,['liikumisandur']
text255,['hooneautomaatika']
text256,"['fotoelektriline', 'andur']"
text257,['vastuvool']
text258,['transistorid']
text259,"['eesti', 'keel']"
text260,['ehitus']
text261,['eneseväljendusoskus']
text262,['hooldus']
text263,['juhendamine']
text264,['keevitamine']
text265,['lukksepatööd']
text266,['matemaatika']
text267,['mõõtmine']
text268,['mõõteriistad']
text269,['mõõtkavad']
text270,['elektronmõõteriistad']
text271,['digitaalmõõteriistad']
text272,"['probleemsituatsiooni', 'lahendamine']"
text273,"['gruppi', 'kuuluvad', 'valdkondlikes', 'ettevõtetes', 'töötavad', 'müügi-,', 'turundus-,', 'kvaliteedi-,', 'toote-,', 'tarneala-,', 'tootmis-,', 'tsehhi-', 'tehnikajuhid', '.', 'juhiks', 'saamise', 'eelduseks', 'ekspertide', 'hinnangul', 'ennekõike', 'sobivad', 'isikuomadused', ',', 'piisav', 'töökogemus', 'erialane', '(', 'soovitatavalt', 'tehnikaalane', ')', 'haridus', '.', 'juhtival', 'positsioonil', 'edukaks', 'toimetulekuks', 'erialasele', 'kompetentsile', 'soovi', 'oskust', 'inimesi', 'juhtida', '.', 'MMT', 'juhtide', 'olulisteks', 'oskusteks', 'teadmisteks', 'laiapõhjalised', 'tehnikaalased', 'teadmised', ',', 'analüüsioskus', ',', 'strateegilise', 'planeerimise', 'oskus', ',', 'protsesside', 'juhtimise', 'oskus', ',', 'koostöövõime', '(', 'sh', 'oskus', 'mõista', 'klientide', 'koostööpartnerite', 'vajadusi', ')', ',', 'argumenteerimisoskus', ',', 'keelteoskus', 'kontseptuaalne', 'mõtlemisoskus', '.']"
text274,"['oluliseks', 'üleminekut', 'varem', 'tööstuses', 'levinud', 'autoritaarselt', 'juhtimisstiililt', 'nn', 'kaasavale', 'juhtimisstiilile', 'uute', 'müügistrateegiate', 'rakendamise', 'oskust', '.']"
text275,"['MMT', 'juhtidel', 'jääb', 'ekspertide', 'hinnangul', 'puudu', 'oskusest', 'protsesse', ',', 'ressursse', 'inimesi', 'juhtida', '.']"
text276,"['üha', 'suurem', 'osa', 'tootmisest', 'projektipõhine', ',', 'töötajad', 'kuuluvad', 'sageli', 'erinevatesse', 'projektimeeskondadesse', 'vahetuvad', 'meeskonnaliikmed', 'tihti', ',', 'järjest', 'vajalikum', 'suhtlemisoskus', ',', 'meeskonna', 'juhtimise', 'oskus', ',', 'strateegiline', 'mõtlemine', 'keelteoskus', '.']"
text277,"['seoses', 'kasvava', 'projektipõhise', 'tootmise', 'mahuga', 'oskustöötajatel', 'suurenev', 'vajadus', 'osata', 'meeskonnajuht', 'uute', 'töötajate', 'juhendaja', '.']"
text278,"['projektipõhise', 'tootmise', 'mahu', 'kasv', 'eeldab', 'oskustöötajatelt', 'oskust', 'meeskonnajuht', 'uute', 'töötajate', 'juhendaja', '.']"
text279,"['projektipõhise', 'tootmise', 'mahu', 'kasv', 'eeldab', 'oskustöötajatelt', 'valmisolekut', 'meeskonnajuht', 'uute', 'töötajate', 'juhendaja', '.']"
text280,"['rõhutati', 'dokumentide', 'koostamise', 'oskust', 'seoses', 'vajadusega', 'koostada', 'nt', 'tootmisjuhendeid', 'kvaliteedistandardite', 'lugemise', 'mõistmise', 'oskust', '.']"
text281,"['hetkel', 'puuduolevate', 'arendamist', 'vajavate', 'oskustena', 'toodi', 'inseneride', 'esile', 'oskust', 'hinnata', 'tööd', 'ettevõtja', 'juhi', 'perspektiivist', ',', 'mõista', 'tootmisprotsesse', ',', 'oskust', 'töös', 'arvestada', 'strateegiliselt', 'mõelda', '.']"
text282,"['meistritelt', 'töödejuhatajatelt', 'oodatakse', 'erialaste', 'ikt-lahenduste', 'tundmist', 'rakendamist', 'esmatasandi', 'juhtidena', 'oskust', 'personali', 'planeerida', 'mõista', 'tootmiskulusid', 'juhtimist', '.']"
text283,"['ettevõtjate', 'hinnangul', 'vajavad', 'põhikutseala', 'täiendamist', 'näiteks', 'personali', 'planeerimise', ',', 'tootmiskulude', 'mõistmise', 'juhtimisega', 'seotud', 'teadmised', '.']"
text284,"['järjest', 'nõutakse', 'keevitajatelt', 'n-ö', 'tervikpildi', 'nägemise', 'oskust', 'oskust', 'kõrgema', 'kvaliteediga', 'keevisõmblusi', '.']"
text285,"['järjest', 'nõutakse', 'tooteid', 'koostavatel', 'töötajatel', 'n-ö', 'tervikpildi', 'nägemise', 'oskust', 'üksikute', 'töövõtete', 'valdamise', ',', 'suuremat', 'rõhku', 'pannakse', 'tööohutuse', 'alaste', 'nõuete', 'tundmisele', '.']"
text286,"['varasemast', 'pannakse', 'rõhku', 'tööohutuse', 'alaste', 'nõuete', 'tundmisele', 'järgimisele', ',', 'töö', 'efektiivsusele', 'tootmisprotsessi', 'laiemale', 'mõistmisele', '.']"
text287,"['tehnikaalaste', 'teadmiste', 'osas', 'kasvava', 'tähtsusega', 'uute', 'tehnoloogiate', 'materjalide', 'tundmine', ',', 'läbivalt', 'rõhutati', 'juhtide', 'olulisemaks', 'erialaste', 'ikt-lahenduste', 'tundmist', '.', 'viimast', 'eriti', 'tähtsaks', 'otseselt', 'tootmise', 'juhtimisega', 'seotud', 'ametikohtadel', '.']"
text288,"['eraldi', 'rõhutati', 'müügi-', 'turundusjuhtide', 'oskust', 'planeerida', 'tehnoloogia', 'arengust', 'lähtuvalt', 'tulevikku', ',', 'oskust', 'hinnata', ',', 'ettevõte', 'müüa', 'nt', '5', 'aasta', '.']"
text289,"['kasvava', 'tähtsusega', 'üldisteks', 'oskusteks', 'protsesside', ',', 'ressursside', 'riskide', 'juhtimise', 'oskus', ',', 'võõrkeelte', '(', 'inglise', ',', 'saksa', ',', 'vene', 'keele', ')', 'valdamine', '.']"
text290,"['inseneride', 'toodi', 'kasvava', 'tähtsusega', 'üldiste', 'oskustena', 'meeskonnatöö', ',', 'võõrkeelte', 'suhtlemisoskust', ',', 'seotud', 'projektipõhise', 'tootmise', 'kasvu', 'rahvusvahelise', 'koostööga', '.']"
text291,"['üldistest', 'oskustest', 'kasvava', 'olulisusega', 'suhtlemisoskus', ',', 'sh', 'oskus', 'julgus', 'küsida', 'vajadusel', 'juhendamist', '(', 'täiendavaid', 'selgitusi', ')', 'juhendada', 'uusi', 'töötajaid', '.']"
text292,"['seoses', 'vajadusega', 'kasutada', 'töös', 'võõrkeelseid', 'dokumente', 'osaleda', 'välisfirmade', 'korraldatud', 'koolitustel', ',', 'järjest', 'suurema', 'tähtsusega', 'võõrkeele', '(', 'inglise', 'saksa', ')', 'oskus', 'eriala', 'piires', '.']"
text293,"['kasvava', 'olulise', 'trendina', 'rõhutati', 'oskust', 'juhtida', 'ettevõtte', 'tööd', 'ettevõtte', 'väärtuste', 'võimet', 'töötajaid', 'motiveerida', '.']"
text294,"['valdkonna', 'üldiste', 'majandustrendide', 'tundmisel', 'mõistmisel', 'juhtidel', 'arenguruumi', 'trendide', 'tunnetamisele', 'juhtidel', 'õppida', 'kohanduma', 'ettevõtte', 'tegevust', 'majanduse', 'üldiste', 'suundumustega', 'sobitama', '.']"
text295,"['seoses', 'tehnoloogia', 'arenguga', 'keevituses', 'kasvav', 'nõudlus', 'uuemate', 'keevitusmeetodite', '(', 'nt', 'hõõrdkeevitus', ',', 'laserkeevitus', ')', 'valdamise', 'oluline', 'uus', 'oskus', 'keevitusrobotitega', 'töötamine', '.']"
text296,"['traditsiooniliste', 'keevitusmeetodite', '(', 'elektroodkeevitus', ')', ',', 'annavad', 'keevitajale', 'baasoskused', ',', 'tähelepanu', 'pöörata', 'uutele', 'keevitusmeetoditele', 'töös', 'kasutatavate', 'abivahendite', '(', 'rakiste', ')', 'kasutamisele', '.']"
text297,"['leidsid', 'eksperdid', ',', 'seoses', 'tehnoloogia', 'arenguga', 'valdkonnas', 'kasvav', 'nõudlus', 'uuemaid', 'keevitusmeetodeid', 'valdavate', 'töötajate', 'lähitulevikus', 'kasvab', 'keevitusroboti', 'operaatorite', 'vajadus', '.']"
text298,"['traditsiooniliste', 'keevitusmeetodite', '(', 'elektroodkeevitus', ')', ',', 'annavad', 'toodete', 'konstruktsioonide', 'valmistajatele', 'keevitaja', 'baasoskused', ',', 'tähelepanu', 'pöörata', 'uutele', 'keevitusmeetoditele', 'töös', 'kasutatavate', 'abivahendite', '(', 'rakiste', ')', 'kasutamisele', '.']"
text299,"['erialastele', 'ikt-oskustele', 'erinevate', 'programmide', 'tundmise', 'rakendamise', 'oskusele', 'vajavad', 'arendamist', 'seadmete', 'kiirseadistamise', 'oskused', '(', 'nt', 'SMED', 'oskused', ')', ',', 'teadmised', 'uutest', 'lõiketehnoloogiatest', '-', 'instrumentidest', ',', 'tööriistade', '-', 'pinkide', 'tarvikutest', '.']"
text300,"['viimistlustehnoloogiad', 'pidevas', 'arenduses', 'viimistlejate', 'oluline', 'erinevate', 'pinnakatete', 'tehnoloogiate', 'tundmine', '.']"
text301,"['ettevõtete', 'konkurentsivõime', 'tagamiseks', 'juhid', 'õppima', 'rakendama', 'tööstuses', 'levinud', 'juhtimisstrateegiate', 'rakendamist', '(', 'nt', 'lean-juhtimine', ',', 'erinevad', 'kvaliteedialased', 'süsteemid', ')', 'täiendama', 'finantsjuhtimise', 'põhitõdede', 'vallas', '.']"
text302,"['muutused', 'inseneridelt', 'eeldatavatelt', 'erialastelt', 'oskustelt', 'seotud', 'nn', 'neljanda', 'tööstusrevolutsiooni', '(', 'Industry', '4.0', ')', 'arengutega', '.', 'peamiste', 'märksõnadena', 'toodi', 'intervjuudes', 'grupitöödes', 'üha', 'laienevat', 'robotite', 'kasutamist', 'tootmises', 'erialaste', 'ikt-lahenduste', 'tundmist', 'rakendamist', '.', 'viimase', 'oluline', ',', 'insenerid', 'valdaks', 'joonestus-', 'seadmete', 'juhtimisprogramme', ',', 'tunneks', 'ettevõtte', 'infohalduse', 'tarkvarasid', '(', 'nt', 'PLM', '–', 'Product', 'Lifecycle', 'Management', ')', 'tootmise', 'juhtimise', '(', 'nt', 'ERM', '–', 'Enterprise', 'Risk', 'Management', ')', 'lahendusi', '.']"
text303,"['kasvav', 'vajadus', 'keevitajate', ',', 'oskavad', 'opereerida', 'keevitusroboteid', '.']"
text304,"['kasvav', 'vajadus', 'keevitusrobotite', 'operaatorite', 'oskuste', '.']"
text305,"['valdkonna', 'ettevõtetes', 'toimub', 'üleminek', 'konventsionaalsetelt', 'metallitöö', 'pinkidelt', 'arvjuhtimisega', 'tööpinkidele', ',', 'vajab', 'valdkond', 'üha', 'apj-pinkide', 'seadistamist', 'opereerimist', 'valdavaid', 'oskustöölisi', '.']"
text306,"['ekspertide', 'hinnangul', 'valda', 'kooli', 'lõpetajad', 'piisaval', 'määral', 'tööstuses', 'kasutatavaid', 'programmeerimiskeeli', 'puuduvad', 'praktilised', 'oskused', ',', 'edukalt', 'toime', 'arvprogrammjuhtimisega', 'seadmetel', 'töötamise', 'seadmete', 'seadistamisega', '.']"
text307,"['seoses', 'tootmise', 'automatiseerimisega', 'tekib', 'koostelukkseppadel', 'vajadus', 'õppida', 'opereerima', 'tootmisroboteid', '.']"
text308,"['mehhatroonikud', 'täidavad', 'hoolduse', 'remondiga', 'seotud', 'ülesannetele', 'sageli', 'seadmete', 'programmeerimise', 'seadistamisega', 'seotud', 'ülesandeid', 'kasvava', 'tähtsusega', 'robotite', 'seadistamise', 'oskus', ',', 'erinevate', 'programmeerimiskeelte', 'õppimise', 'kogemus', 'nt', 'SMED', 'põhioskuste', 'omandamine']"
text309,"['hooldustehnikute', 'mehhatroonikute', 'arendamist', 'vajavad', 'oskused', 'seotud', 'erialase', 'IKT', 'tehnoloogia', 'arenguga', '.']"
text310,"['mehaanikute', 'lukkseppade', 'töö', 'muutub', 'seoses', 'tehnoloogia', 'arenguga', 'mehhatroonikute', 'tööle', 'üha', 'sarnasemaks', 'tingituna', 'kasvava', 'vajadusega', 'erialased', 'IKT', 'oskused', '.']"
text311,"['ettevõtjad', 'otsivad', 'praktilise', 'kogemusega', 'spetsialiste', ',', 'kiiresti', 'muutuvas', 'tehnoloogilises', 'keskkonnas', 'õpi-', 'kohanemisvõimelised', '.']"
text312,"['käsitsitöö', 'asendub', 'üha', 'tööpinkide', 'jälgimise', 'haldamisega', '.', 'eeldab', 'oskust', 'mõista', 'kasutada', 'levinumaid', 'tootmises', 'kasutatavaid', 'pinkide', 'juhtimise', 'tarkvarasid', 'võimekust', 'spetsialiseeruda', 'vajadusel', 'tootmisrobotite', 'operaatoriks', 'seadistajaks', '.']"
text313,"['inseneridel', 'napib', 'ekspertide', 'hinnangul', 'kvaliteedistandardite', 'lugemise', ',', 'mõistmise', 'rakendamise', 'oskusi', '.']"
text314,"['järjest', 'pannakse', 'rõhku', 'tööohutuse', 'alaste', 'nõuete', 'tundmisele', 'järgimisele', '.']"
text315,"['erialastele', 'oskustele', 'järjest', 'olulisem', 'tööohutusnõuete', 'mõistmine', 'järgimine', '.']"
text316,"['jätkuvalt', 'olulised', 'erialased', 'oskused', 'jooniste', ',', 'skeemide', 'lugemise', 'mõistmise', 'oskus', 'montaažioskus', ';', 'tööohutusalaste', 'nõuete', 'mõistmine', 'järgimine', '.']"
text317,"['tänastel', 'meistritel', 'töödejuhatajatel', 'arenguruumi', 'üldistes', 'tootmise', 'korraldamist', 'juhtimist', 'puudutavates', 'küsimustes', '.']"
text318,"['kasvava', 'tähtsusega', '(', 'tööstus', ')', 'robotite', 'hoolduse', 'seadistamise', 'oskused', '.']"
text319,"['ettevõtjad', 'otsivad', 'töökogemusega', 'spetsialiste', ',', 'kiiresti', 'muutuvas', 'tehnoloogilises', 'keskkonnas', 'õpi-', 'kohanemisvõimelised', '.']"
text320,"['kao', 'ikt-oskuste', 'vajadus', 'n-ö', 'traditsiooniliste', 'oskuste', ',', 'jooniste', 'lugemise', 'montaažioskus', '.']"
text321,"['ettevõtjate', 'hinnangul', 'vajavad', 'koolilõpetajate', 'arendamist', 'jooniste', 'lugemise', ',', 'ruumilise', 'mõtlemise', 'montaažioskused', '.']"
text322,"['ettevõtjate', 'hinnangul', 'vajavad', 'koolilõpetajate', 'arendamist', 'jooniste', 'lugemise', ',', 'ruumilise', 'mõtlemise', 'montaažioskused', '.']"
text323,"['erialastest', 'oskustest', 'vajavad', 'arendamist', 'jooniste', 'lugemise', 'montaažioskused', '.']"
text324,"['olulisemaks', 'muutub', 'oskus', 'töötada', 'samaaegselt', 'erinevate', 'seadmetega', ',', 'ikt-lahenduste', 'kasutuselevõtt', 'võimaldab', 'inimesel', 'töötada', 'korraga', 'tööpingil', '.']"
text325,"['seoses', 'valdkonna', 'kiire', 'arenguga', 'pidev', 'vajadus', 'erialaseid', 'oskusi', 'täiendada', ',', 'õppida', 'uusi', 'tehnoloogiaid', '.']"
